ID,BlendProperty1,BlendProperty2,BlendProperty3,BlendProperty4,BlendProperty5,BlendProperty6,BlendProperty7,BlendProperty8,BlendProperty9,BlendProperty10
1,0.15768876391823813,0.22865848471712497,0.6023448851425302,0.622945265018062,0.3621948337697526,0.7164332796259418,0.5883319182446357,0.34566103199540377,-0.25326093447308445,0.32207886104754263
2,-0.8016785295545811,-0.5819668594336219,-1.2485755624209633,0.07444311586923213,-0.731600794017693,-0.10483693030263605,-1.1160888137336964,-1.05671105031848,-0.8454379055687702,0.009542088268224764
3,1.743924053995623,1.1427406871568764,1.0069553451379016,1.0697098087980799,2.431452625070903,1.8618118076805978,0.9140986182578403,1.993481766615135,0.6555491284251896,2.250432855489074
4,-0.4592701473099389,0.3304368040115127,0.9206464729579571,-0.6946776350746977,1.9190215539632625,-0.44092130772359106,0.8471205079403654,1.829914374946347,0.7981846843893821,-0.9390454973303912
5,0.17063357958644804,-1.1854984479797044,1.077617353828213,0.4383148297400952,2.4043642899464084,0.2491491462119154,1.0421040703190394,-0.09360010080554754,-0.3984083117135086,1.0568983402402516
6,-1.4858914314458518,-1.702911816157685,0.4964675033689201,-1.4730394078984776,0.00859303151161858,-1.6291022639554587,0.4868042263893288,0.13454787286763023,-0.8814166804102245,0.07792681604188326
7,1.160825385087474,0.555395056239268,-0.08275975699607557,0.0008603995922993467,-0.11388023304530304,0.5532225847514874,-0.07900663311868523,0.17633731696934976,1.2518799019638116,0.2628513048147429
8,2.1291928814993,1.281152731819249,0.8772928260231456,1.4384870370874048,-1.5338729946876708,1.4804772196991023,0.8699268244918222,1.0504519491331867,1.9367001340545569,0.5355370675260204
9,1.383626481598846,1.108699993612472,1.151671542466359,1.7664569491315993,-0.5557667583733263,0.9714946102424014,1.1298624511042998,0.22572386958016752,1.0735561016134634,1.0404087787532807
10,-0.957871675496003,-0.814546017520962,-2.4763132513583455,-0.5789057675051802,-1.2047911624392025,-0.6472995412886697,-2.410064906611615,0.40268765915341526,-0.5859362128400262,-1.2311218870241132
11,0.04477362824567138,0.4916811543599291,0.798010548905357,0.4171957840981706,1.6998647729999183,-0.22632795028002686,0.7102279977069246,-0.021686710840817944,-0.8638703725485738,1.024921373050009
12,1.8861730980494367,0.9105631001054171,0.824945528818974,-0.3266345066543333,1.0486716428411464,0.5520134830489721,0.7837153102822364,1.1111893182816541,-0.1813052398247067,1.068243511543372
13,0.5252097364517407,-0.5679078804673463,0.9206464729579571,0.0371335695879708,-1.3696682251533292,2.633891659230538,0.8409138132086094,0.693152014517697,1.4209808308767689,1.8548176005291246
14,-0.24565848814982644,0.8971741584019722,0.6023448851425302,-0.8764321261601508,2.682032132886109,-0.4429338544240161,0.5586793263729138,0.12241400103458516,-0.9399103286528101,-0.3296384361674095
15,0.49193784831834914,2.0501376982519353,0.5952202714031809,1.6019581232012299,-0.20897415078600742,0.18359256132080418,0.5088005254302869,0.8046221245345738,0.4728290787009002,-0.4008480367658015
16,-0.08187868010857834,-0.8147513099392941,1.151671542466359,-0.7524983495773483,0.5661497996868488,-1.1419178591409516,1.1257594905141204,-0.09360010080554754,-1.6150306528175178,-0.03117434112643627
17,-1.4614869371132164,-1.455083458206412,-0.20507433332387529,-1.583240752932946,-0.7947465042739058,-0.15817403618729706,-0.228117885811039,-0.9612146214694435,-0.5144116727262162,-1.449591092826267
18,-0.2605032718805631,-0.47515567205737796,0.3357219810682592,-0.7405110546499153,-0.04982875576430556,-0.17950887854115885,0.3089244533078314,0.8820668967837585,-0.25326093447308445,-1.0212989290946433
19,0.17652342265912618,-0.41509995877341743,0.86323385646798,-0.717044335598447,1.64540963272797,-0.9935361519319932,0.8241712779289985,1.5578107886210943,-1.2561798032770932,1.6174853557739781
20,-0.8303508726310073,-1.6291404587320992,0.4055110610759102,-1.3652778653696709,-0.7791363632115781,-0.8441434542473452,0.3775674502004444,-0.05590799329155876,-1.2561798032770932,-1.82011310357416
21,0.1717272070270733,-2.1418286185745896,0.24927097020221273,-0.9467761665446129,1.782725548891771,-1.9134793116409448,0.23255928739846238,0.8857712554960271,-1.0188560801372797,0.5155440944537197
22,0.33903112345996994,0.975872553856946,0.02634246658910261,1.578743294404,1.355613698140039,1.883258233787382,0.007735562584399721,0.7425697886047737,0.6555491284251896,1.6569176532011582
23,0.9726407325832288,1.607419397491422,1.250514946278262,0.814830334295163,1.5034667825667443,0.29033171274826425,1.1294967370958466,0.8984289358603355,0.11685853899459256,1.40612910549499
24,0.10734590843870054,0.6787798938133265,0.49744266603080917,0.3697585384482759,-1.011941509347046,0.2504912324801155,0.5053258338681526,-0.6596271817098426,0.08265129417865283,-0.03117434112643627
25,-1.5031394862837115,-0.9657878727559777,-0.06203677416729375,-0.6003673930859523,-0.5557667583733263,-0.34790967847491644,-0.0940612701872485,-1.1332213685687997,-0.2964301728728576,0.054704590003902584
26,-0.38509135844852166,-0.5809623957852693,0.1710659768073876,-1.030657872159603,-0.3115332745966672,0.23482732019352157,0.14484729738570554,-1.2384498864837241,-0.01145086614291755,-1.7526331316219412
27,0.7791835987251586,0.322654068102995,-0.5474274291929981,1.5859979284031342,-1.358791734287579,0.35768496151454715,-0.5022228154453889,0.6404841265956519,0.519211216099702,-1.0307024120517188
28,0.18893448328934462,-0.32576424040834856,-0.46604106552239194,-0.5995893121404495,-1.1591737480016682,-0.36305570050418,-0.5316567629233602,-1.036176383049108,0.7963596880136774,0.6972667467969655
29,-0.8221619780868328,-1.5466012729627072,-0.4021864699952867,-0.5662287704959694,-0.44445349777342874,-0.8015141763709553,-0.3996766679607646,-0.9708251980083754,-0.5144116727262162,0.19148878206619152
30,-0.18685727960323906,0.16602631292062672,-0.6507352848792157,-0.8436243393694233,-1.7301107398316922,0.15755536616593432,-0.6878929389475867,-0.9246034292691973,-0.01145086614291755,-1.7679130538605479
31,-1.171145022639974,-0.3838979568788393,0.19815113937866813,-0.537191622010158,1.031687163330537,-0.8986171724359034,0.14756992484253087,-0.07747177805902716,-1.3665573532430748,0.3140966154879701
32,-1.3291366549342403,-0.40618287690419463,-0.20507433332387529,-1.1024485211093693,0.3776175919085471,-1.4786593015436458,-0.2603894116749803,-0.34137637054641445,-0.5859362128400262,0.30028281182725897
33,0.639616185467222,0.6065805569773383,-0.3769874752503622,0.5659157810804226,0.14482185413927348,-0.44758844595917535,-0.3610003488212472,0.11825201430792999,0.519211216099702,-0.1547168231910801
34,0.62629200296135,1.0432166903833433,0.1712763673291228,0.031433500017221915,-0.974183362882134,0.0439783092537127,0.12745769679538496,1.2160290426231108,-0.13517269454383893,-0.6061964237420512
35,-0.7287792003179409,-1.3794753893359402,-0.2718883712304953,-0.8764629591319832,0.11012419309015514,-0.4329004123827879,-0.2776562310025257,-1.2384498864837241,-2.4725825536318817,0.23009706299520824
36,1.7979914035602567,0.322654068102995,0.49744266603080917,0.6507546953480766,0.792866425551514,0.5824086485038352,0.4399234314084295,1.4682740473608478,-0.5144116727262162,0.3562592027409515
37,0.010289370411881474,-0.23839814636919243,-0.5018923825705307,-0.02997179490402167,-1.2784173696234356,0.34533075861881696,-0.5114584094400212,-0.1362603107710585,1.6513011169377325,-0.246949272726225
38,0.2771049785355742,0.8049366647246655,0.5085112657783831,1.4065142183195822,0.3117478802586221,0.7164332796259418,0.4941392791840177,-0.07747177805902716,1.1335412128234565,-0.6588173781519219
39,-2.1083455192979796,-1.4846126637386226,0.1542987588968964,-1.449159570984661,0.2416318639816277,-0.268469716225491,0.1427328959723685,-1.7215189448461858,-0.8814166804102245,0.0790669078553591
40,0.255595530499851,0.7898600516950686,0.5448614640237222,-1.317504117941357,-0.22485787929601267,0.3020316744896027,0.49170436483574953,-0.13123572343378198,0.8730658947101647,-0.3856594586815054
41,1.8888743133085495,1.281152731819249,1.5114286193689588,1.4188849447893626,2.283543569420579,2.2327232855614656,1.3530167190705036,1.293454307489845,1.5320619757902239,1.9033111044964965
42,2.1342843877741955,0.6787798938133265,1.3651715968086193,0.7698516035005306,-1.2099967556482993,0.6084837251259511,1.2822473516797632,1.1258148147844882,1.5320619757902239,2.2577711682818604
43,-1.7123797115800798,-0.465178643704031,-0.7989409623731972,-1.3135885981258393,-0.5063570755447219,-0.44092130772359106,-0.7718682850881697,-2.3148091806906876,-1.0188560801372797,-1.5402845814327648
44,1.2024758180117803,0.44839392221157276,0.19815113937866813,0.5659157810804226,-0.337899371394258,0.525611701943891,0.1688926537661414,1.829914374946347,0.219931029123637,0.17965624630593946
45,-0.586528290393703,-0.6660713733745143,-0.17709109242375037,-1.583240752932946,1.879671484542532,-1.3871624781020944,-0.21645041169874812,-0.028768289434292146,-1.2561798032770932,0.43743087009893056
46,0.7116339441910654,1.0432166903833433,0.7075431729744431,0.5659157810804226,0.7664453426918484,0.828979118818645,0.6938487415127927,0.40273644155474747,0.9215512270722537,-0.9861632211788953
47,-1.4360350052046378,-1.943469043253766,-0.6507352848792157,-1.1875393323908814,-0.07678863665831148,-2.0855743795741204,-0.6761384669956444,-1.2384498864837241,-2.4725825536318817,-0.3958686424229872
48,-0.13091617306734518,0.322654068102995,-0.3621118782013929,0.13174123666160265,-0.44445349777342874,-0.591051925542696,-0.2603414496761618,0.19603146927883788,0.7981846843893821,-0.5518868587743326
49,-0.3699914004353075,-1.0110312334708047,0.3640305826115408,-0.045139326469645594,-0.9119694928863659,-0.5732033913523101,0.32442353419972136,-0.3527123988346945,-1.3042230085822302,-0.048566150687700156
50,-1.8395230222341328,-1.5479389456716095,-2.1398402272777903,-0.7049118508949054,-0.5621500315827966,-1.4718000506592674,-2.074922507567607,-2.0864042427324105,-2.095089182689349,-1.8643373000220742
51,2.4500762012308055,1.026488507316551,1.638646401455354,0.4680590534635069,2.4043642899464084,-0.9853570286801954,1.9706257603774848,-0.6533415692981149,-0.6102374229169595,1.9100131988560936
52,-0.1712142791409572,1.065492992592323,1.638646401455354,-0.2884181311231794,1.031687163330537,1.301142375232947,1.9793429255063268,0.33506500630161523,1.1320940578119558,-0.8408391696442085
53,-0.04332712891615571,-0.1185227853707153,-0.2889528919464752,-1.0941177960114168,0.017553050059381594,-0.6650434271682393,-0.3130371314822336,0.5667477530756633,0.30593852953279294,0.3773601648111926
54,1.531652422445263,0.5823842218061527,0.19815113937866813,0.4866552560082258,0.6521797548738835,-0.45460908580218895,0.11364061292734788,0.6973479979237626,-1.0371671851756417,2.4517838062676076
55,0.9533264986953862,0.5723421608704449,0.7075431729744431,0.20580381006784196,-0.10399349657084786,1.261033561901052,0.7025659872310153,0.13454787286763023,0.9215512270722537,-0.4567770446104589
56,0.6902110929799516,0.12973426864130908,0.6438975132117115,0.0008603995922993467,-0.10420364793186407,0.6084837251259511,0.5751415814472972,1.1804036069447688,-0.01145086614291755,-1.0089938589732874
57,-0.06855561125841282,0.35645506009495226,0.3078042542010962,0.2556794188118902,-0.20413620661938434,1.154949144484485,0.2551605008971374,0.34566103199540377,0.6555491284251896,0.7219526105481164
58,-1.6235072287470815,-0.9206748113465832,0.4601410342237024,-0.19743292971737006,1.2308157533424042,-0.8817605692399878,0.4407159076448018,-0.4106203410507843,-2.1368361591639413,0.1509197559664068
59,-0.4777576618003481,0.20885471785201587,0.2775986564618235,0.6640799361651722,-1.3696682251533292,-0.6832921599229852,0.26239479525866577,-0.5097530100951648,0.18043502717286589,-2.23082482355294
60,-1.010997495950343,-1.6643388195420188,0.19815113937866813,-1.5409094348087033,1.8918045499064517,-1.02454844645205,0.140589442238121,-0.8180736407987217,-1.2561798032770932,0.6348430400218859
61,-0.43462873856770273,-0.1185227853707153,-2.00303689351867,-1.0800800662787051,0.04748342128539306,-0.908681665297303,-1.8732550043865295,-0.6596271817098426,-0.3984083117135086,-1.1844945630397865
62,-0.12222761913087402,-1.3434643175154575,0.13918621891925995,-0.6640547088668138,-0.9512877863490048,0.9424711050551343,0.15396504303276262,-1.149735605202839,1.0333530634273318,-0.7610578824553499
63,1.5162418285009875,0.379343485256884,0.4963173688310552,1.8461283760863771,-0.23155230633849197,1.249993745808783,0.4251793213422308,0.8820668967837585,1.4196718791154723,1.0970623950699265
64,-0.2809069819385926,-0.4287629731295314,0.798010548905357,-0.6085288563349783,1.029056769683239,-1.7598002037642904,0.7430042045930563,-0.21810831067993508,-1.3042230085822302,-0.246949272726225
65,-0.4198679602424572,-0.9657878727559777,0.9668560581058496,-1.7006735727211508,0.1907054306011333,1.2693511755723212,0.9279825729158532,0.6681684561208403,1.0333530634273318,-1.1567981161652383
66,0.60604941141481,-0.3811226581922191,-0.3975136405338949,-0.864513798875859,0.7776238283099506,0.03737199253222669,-0.4080505560217732,-0.8180736407987217,0.6555491284251896,-0.20918495295109368
67,1.0752540122364582,1.7372189758082184,1.4072842025387993,0.464023438974527,-0.1421901744887798,1.3651998096798972,1.3670076672436304,1.6383092981115486,0.9115047553924224,0.6627766009127587
68,-0.9735087619445553,-0.9676262358778355,-0.9027052784759493,0.9398173143373899,-1.054891489976066,-0.9131384026629586,-0.8421701009204163,0.2725451986294023,-1.0371671851756417,-0.3958686424229872
69,1.5576558214221132,1.7372189758082184,0.9668560581058496,1.0697098087980799,-0.4613523242312208,-0.110594913324275,0.9346379414589201,1.1589124446140582,-0.04844676206897313,1.6417497122170706
70,0.009352364382096807,-0.15788574116298668,0.3589537347315781,-0.19017829571823633,-0.2968060096103279,-0.8549909990516653,0.3343283928583719,-0.3527123988346945,0.219931029123637,0.6291196599991086
71,-0.27695932184881106,-0.08493729198224566,0.0007231711507753133,-0.39918084664567616,-0.8073594088430169,-0.5882044523823705,-0.041767243894100435,-0.008743113687189366,-0.5144116727262162,0.6891788336852022
72,0.7126043349528439,-0.5266054591225057,0.09231202974232168,0.5459655375828035,0.2868878595007673,1.2052557329893345,0.13547773941572355,0.22572386958016752,0.36611344845251875,-0.9054920970433983
73,0.3582219538051914,0.8275730959468454,1.638646401455354,-0.44316621948971424,3.513586515778984,1.6012738786855856,1.7961589720307614,0.5667477530756633,0.2924354247397796,1.6569176532011582
74,1.6596620746971888,0.9886687794280754,1.1782674882859023,1.1779247659518326,1.6998647729999183,0.0801088109041174,1.1049739607756164,0.8985973555020494,0.519211216099702,2.1937811311204927
75,1.1445629902961103,0.5333097337145959,0.0007231711507753133,0.8764040403628148,-0.5557667583733263,0.3326485586467726,0.009994415286176502,0.6272620559395692,0.7963596880136774,0.4890803535645823
76,-1.2796337405680063,-0.44148152229303117,-0.4021864699952867,-0.41215792504773435,-0.2968060096103279,0.20813217802784226,-0.45029249540615873,-0.5549619237003574,-0.33870425067544624,-1.1835327275646819
77,-0.5684501785401515,0.3304368040115127,0.7286215754140151,-0.9734369464914314,-1.1327134163317272,-0.3507191048835372,0.6696942133630304,-0.4774731212226654,-0.2964301728728576,-1.0089938589732874
78,0.8813739554426722,0.9605029722632461,0.9381156173370603,0.3494858667729178,1.0243476805566865,2.1720048856427367,0.8338940086539697,1.7619640005842434,0.8642003973974801,-0.35050568715362435
79,0.9465627284680256,1.062996897612437,0.3357219810682592,0.9548310364878717,-0.6415322018861019,0.3326485586467726,0.32199539979651065,0.8820668967837585,0.9115047553924224,-0.06888076507227174
80,0.7830211964638784,0.7134821784563236,-0.7838474349981607,0.7618476988076317,-0.7106774229189311,0.6084837251259511,-0.7107598140854003,-0.21810831067993508,2.161079157188582,0.5786699646706893
81,-0.07159789106088299,0.82002825230835,1.0069553451379016,0.24106939200807787,-0.45269314783344816,-0.5609700994084031,0.9487623177789264,1.3398052912404,-0.04844676206897313,1.2609387757070982
82,1.635935081423173,1.1834263704250927,0.9381156173370603,-0.3266345066543333,0.35950283934284694,1.4023307528066113,0.850939937173206,0.19603146927883788,0.6555491284251896,-0.4399489029416344
83,-0.783365552656519,-0.465178643704031,0.5952202714031809,-0.7239370486239717,-0.7441631622731546,-0.25042298522872136,0.49392574215551777,-0.09360010080554754,-0.3984083117135086,0.17965624630593946
84,1.0692224672499004,0.5327989167310322,1.2197373985664821,0.6574047765139497,-0.4932044003854354,1.523386551146392,1.1280753830381491,1.4735855417929882,-0.25326093447308445,0.4890211980562798
85,-0.3883839107537345,-0.37152443492450354,-1.4800628883014881,-1.0826710069926822,0.05922956869003327,-2.1252232731079537,-1.3849354963053329,-1.3538690480370645,-1.0843961226580807,-0.3283206504361313
86,0.7671339798256661,-0.7018457325427582,0.824945528818974,-0.41174690910846146,1.1537444998064244,0.10937013982695093,0.8213781540648398,0.34566103199540377,-2.4725825536318817,0.5525109344826321
87,-1.017098459426977,-0.9740360646376406,0.8993730103998467,-1.1603344548941283,0.021071133659705636,0.6251136892476608,0.8844107498966243,-0.8180736407987217,-0.3972177408110008,-1.4923481502273919
88,-1.2462124485901147,-0.006293289275954299,0.2775986564618235,-0.4785782487308804,-1.1128064952436747,-0.7600582124863873,0.25474418097720714,0.009535276842959165,-0.825295651742047,-0.7252429576154205
89,-0.2927138261035463,-0.47515567205737796,0.4080415253104115,-0.5764875561721355,-0.4924921281936585,-0.810337364455615,0.3212027384830856,-1.1136068519456435,-0.8605363282107051,-0.5851888867796241
90,0.29605482293648877,-0.8579627259433792,0.771538601100911,-1.0075337262873627,2.019772273205016,-0.7959851788318161,0.7445911388939802,0.2725451986294023,-1.3042230085822302,0.9583430466808606
91,-0.548389152345706,-0.9657878727559777,-0.20507433332387529,-0.5526681745416449,-0.8884356716153952,0.14376803542020347,-0.2133620336483858,-0.10545288843175227,1.0112072669203205,-1.4866887280061196
92,-1.498009941877308,-0.36562387294267873,0.3357219810682592,-0.8764321261601508,-0.49333603502443985,-0.8100124656819659,0.35931488752693336,-1.0599550800071091,-1.4827779490718616,-0.6242094401434762
93,0.30369838460447,-1.0110312334708047,1.638646401455354,0.6574047765139497,0.6521797548738835,0.19568561457681893,1.7548675470682529,0.5667477530756633,0.08265129417865283,0.8559212648875327
94,1.8460500160088962,0.713484894804765,0.6700056780366246,0.7245101410059412,-1.0203791269202664,0.6084837251259511,0.6069507981911881,0.693152014517697,1.204842663928501,2.253400634078583
95,1.2847630857695245,0.6444832552046783,-0.20507433332387529,0.6507546953480766,-0.2612857603757692,1.361334876149385,-0.2294490561345694,0.873715016631934,2.526679823560419,-0.9016695536714703
96,-1.6301962349500208,-1.2031503595051023,-0.08275975699607557,-1.6816965000640536,0.7746938594033946,-1.942910556040845,-0.10532496826279304,-0.4106203410507843,-1.670848672238844,-0.05326257771528734
97,0.575044535696219,-0.2021405207743287,-0.08275975699607557,0.06675665841776843,-0.17108657107384787,-0.09691970364787947,-0.18324158503040427,-0.07747177805902716,0.29511807007018603,-0.8401352438275582
98,-0.7521371580774969,-0.2578406056232864,0.2011878480477563,-0.9654568490923843,-0.9728272589445306,-1.4773582516187014,0.16572441226487833,-0.4106203410507843,-0.14146667030813742,0.03708320162949924
99,-0.5173858619584957,0.06895455961167747,-1.549401175140362,-0.26740564556893537,-0.045180923958014686,-1.3871624781020944,-1.455911553834163,-0.6596271817098426,0.146137700777253,-0.6743564047827756
100,-0.4206874151017343,-0.5198984751413638,-0.2718883712304953,0.3697585384482759,0.6521797548738835,-0.2426646978906493,-0.27378983444801025,-0.18907945581411692,-0.43529273597630147,-0.49094180192006454
101,-1.3690289682143264,-1.4846126637386226,-1.8951139261262648,-0.9825455425125666,0.4786725104650883,-0.863552210649632,-1.8637694491825463,-1.9523803299888531,-1.2561798032770932,-0.5365389411291065
102,-0.8254388093417115,-0.9707759855209109,-0.5018923825705307,-0.6322712948775995,-0.8262113244455018,-0.06632410526754656,-0.48418538897374647,-0.43020370523290885,-0.01145086614291755,0.04304004265746211
103,-2.1664239921070125,-1.623479763123344,-1.1251861990373118,-1.241495672759443,-0.8886703101752101,-1.2976965404336844,-1.1141445256441425,-1.4008465005205242,-1.3042230085822302,-1.458925736230216
104,-1.3036848846543412,-1.2636016861881578,0.9668560581058496,-0.12337520764287505,0.8638210472327909,-0.3225290954190086,0.9448995970704662,-1.076192292808842,-0.25326093447308445,0.054704590003902584
105,0.6502392034300868,0.3905433828144217,1.1782674882859023,0.7698516035005306,0.1184629952398631,0.1673792933388209,1.1254574460063342,0.8477490194728347,-1.0371671851756417,0.3301974442558858
106,1.1112624207429993,1.1427406871568764,-1.8951139261262648,0.464023438974527,-1.5338967864413593,0.6414197536136458,-1.8952475953445262,-0.8180736407987217,2.5217135786259504,-0.6583553611224208
107,-0.6866922213057304,-0.9657878727559777,-0.2889528919464752,0.27109551606005067,0.3621948337697526,-0.4194551429499389,-0.35185608991957923,-0.13806525962036997,-0.5535598957039661,-1.2849819533902604
108,-0.8441527422192299,0.049616602432548645,-0.1598124654710543,-0.7552783091244486,-0.8079294616162822,0.2863649819636216,-0.15351175082202073,-0.4774731212226654,-1.0188560801372797,0.009484375171196331
109,0.35999465598664254,0.5896047701091167,0.7075431729744431,0.10864353329372249,0.6521797548738835,-0.480890464721756,0.6525664973203671,0.19603146927883788,-1.2408864120444558,0.9583430466808606
110,0.9961710904490102,0.3601427762864561,-0.7501440176125642,0.9209898118158278,-0.4392842202885059,0.5824086485038352,-0.7753073100226746,-0.7566748909212614,1.0333530634273318,-0.5390921413334008
111,0.1572078254569792,-0.18217583993289338,1.5861122334470963,0.6234398991543664,1.191186747993089,-0.2846656276608017,1.5602545124978142,0.8754170037258879,0.08265129417865283,1.2744542746375938
112,0.9535305245435008,0.5612904851907515,0.3357219810682592,-0.15249450244495547,-0.26772334571579626,0.29033171274826425,0.2722956721730877,0.8754170037258879,0.8642003973974801,1.2379234184451493
113,0.176033668084007,-0.11987494797426577,-0.2774676358382447,0.4171957840981706,0.1907054306011333,-0.41559484104946404,-0.26160482868969537,-0.13702285281501975,-0.04844676206897313,-0.4098889647430774
114,-0.3007554180371733,-0.854053226352591,-0.7829682750121226,-0.60046651021099,-0.8179707871736763,-0.16600287275180686,-0.7607890695380208,-1.916974576600488,-0.17693296985312118,-0.045980140398867456
115,1.2019271019165176,0.39541624539244263,-1.4810013875426244,0.9917507704095992,-0.35699929379493933,1.3469260244355838,-1.3911027198667199,-0.1780761241925685,0.7018898694522493,-0.246949272726225
116,-0.37576917412818006,-0.08401887435746451,-0.6444417408516693,-0.3578387823495772,0.32430844362846745,-1.2784047856341538,-0.5205954527635857,-0.3527123988346945,0.29511807007018603,-1.07065688868632
117,-0.16671995220103694,-0.4875955680100498,-1.6978255398014301,-0.7512033249846187,-0.8011069040693326,0.0152725751838456,-1.592741209130238,-0.5549904713479294,-0.25326093447308445,-0.5851888867796241
118,-0.06858051495123003,-0.19992297410450455,0.6438975132117115,-0.7049118508949054,2.682032132886109,0.835744748869072,0.5946497289432443,-0.3527123988346945,0.519211216099702,-0.5536620104846819
119,-0.660904528005965,-1.0732847997383081,-2.2083544171410368,-0.19017829571823633,-1.6872542166961941,0.2088216185077266,-2.0711986950657986,-0.8180736407987217,1.0112072669203205,-1.6535213850081112
120,1.0555105220204206,0.3624865247992776,0.5085112657783831,1.0282979397196883,0.2789860729973869,0.6251136892476608,0.4703598277000226,0.594020367580772,0.008195957047793136,0.8373886737637006
121,0.10849933237252138,-0.01830049319549029,-0.08275975699607557,0.2293813705650284,-1.128984647878181,1.3118982039039273,-0.06899080095593826,0.7425697886047737,1.0333530634273318,0.035273478808072085
122,-0.5104753915774595,-0.9657878727559777,0.4867228309478275,-1.030657872159603,-0.1271400421037583,-1.2974269139739278,0.43456026898402567,-0.6596271817098426,-0.4515866294391107,0.8373886737637006
123,-0.058137014381649935,-0.32576424040834856,0.06874865312038063,0.5318089254039373,-0.2463721320796286,0.7197654312872918,0.08122883614330906,0.19603146927883788,0.36611344845251875,-1.4817494900692958
124,-0.3936466887458802,-0.9038588255133272,-1.5363126552498596,-1.2142907952626891,0.11012419309015514,-1.4921320238452713,-1.4207786374488875,-0.7620762636600171,-0.8814166804102245,-1.0496952447593109
125,-2.0050750200482694,-1.8237626734898627,-2.2083544171410368,-1.9760273651717863,-0.17351205718438356,-2.036427995145583,-2.0886909618905,-1.654805706275451,-1.0188560801372797,-0.5536620104846819
126,1.1797789943074144,1.2189463178886901,0.0007231711507753133,-0.39918084664567616,0.40444696584477674,0.8568328205220076,0.002769522091105578,0.47582641658019414,0.4728290787009002,0.3868239643291025
127,-1.6697175925064802,-1.353361769386653,0.9206464729579571,-0.3266345066543333,2.682032132886109,-1.4773582516187014,0.8589559013870022,0.031681236217234156,-1.4827779490718616,0.09618318745174471
128,0.5397898664389792,0.5369129601631993,-1.0952254894879798,0.8180949195947733,-1.2837640005455146,-0.7825818371234013,-1.0705218296411532,-0.4106203410507843,1.2518799019638116,-0.8873830517459572
129,-0.249544231720577,-0.7723513540136491,-0.1598124654710543,-0.7028390983237242,1.8979928461613127,0.37135592194024497,-0.17353396962131967,-0.3132785114842541,-0.8638703725485738,0.194186852039407
130,1.3241424601988234,1.5557590454281254,1.5991813091564244,2.593870791522291,1.4280683114277912,1.8338608004964756,1.5873119771564492,1.2934510230491758,0.519211216099702,0.5122535638142744
131,2.505884710338141,1.5386591487181538,0.9381156173370603,2.02127596835119,2.682032132886109,2.035920546795322,0.8482829621590818,2.579917092068215,1.097705366872029,0.3685716485287137
132,1.574033482128833,1.4326772280575564,0.8497723772376472,2.3038303249952894,-0.8882612220716299,1.1498028171279977,0.7753966309406188,2.1512166466027716,1.6926254322661067,0.19904277569593576
133,0.3258407796186615,1.0903105822041732,-1.0550061415640313,1.7597905317499836,-0.534069161757733,0.40103218332219137,-1.0032359106206605,-0.9612146214694435,0.2924354247397796,-1.51717317678229
134,-0.9444641490931615,-1.9860128661692737,-0.08275975699607557,-0.7503972545402707,1.6998647729999183,-0.7169711358505105,-0.08307552010439646,-0.3527123988346945,-0.01145086614291755,0.2739555071760037
135,-0.660326838653486,-0.12677097725237785,-1.6978255398014301,0.2644454348941772,-1.2837640005455146,0.9422350127981503,-1.6552397437901099,0.40268765915341526,0.519211216099702,-0.246949272726225
136,0.46454994024384216,-0.5025369647792928,-0.2889528919464752,-0.03722642890315567,0.8638210472327909,0.40103218332219137,-0.38727960467972394,0.009535276842959165,0.7018898694522493,0.6348430400218859
137,-0.11389092288490398,-0.47515567205737796,0.21020814756995954,-1.030657872159603,0.6755513188720629,-0.27990102293616165,0.1686609897003164,-0.3132785114842541,-1.6150306528175178,0.8093021360881022
138,1.5970928451870359,0.21969298001414342,0.6023448851425302,1.6348250278842524,0.1907054306011333,0.47249658951996404,0.5902440698347884,0.02178552284687591,0.8730658947101647,1.5358151113410787
139,-0.09728428267990825,-0.7373098622824891,0.19815113937866813,0.31857983645693355,2.019772273205016,-1.219814782957826,0.1853342791112271,-0.18907945581411692,-1.4827779490718616,-0.5401104527406431
140,-1.0990895347203118,-0.32576424040834856,0.824945528818974,-0.864513798875859,-0.09021687472259371,0.5524603614746305,0.8298351339727581,0.8820668967837585,0.36611344845251875,-0.20918495295109368
141,0.317393187521204,0.4236171522188795,-1.1251861990373118,0.1005704025948513,-0.3412784921276871,-0.8332722911630276,-1.048569587882935,-0.6596271817098426,-0.6501255773500939,-1.3152491905510262
142,-1.2096307979711518,-0.6584863850555455,-1.99852798248206,-0.7256453484412787,-0.9235599943063054,-0.2857795628672148,-1.8702988206204338,0.07989450953445866,0.5767908179707811,-0.9762778613499346
143,1.1047758684863396,0.975239903073987,0.6700056780366246,0.9129407216697618,-0.9408899915323349,0.3149503371486807,0.613483357617176,1.1041227918958652,0.8730658947101647,1.1426770127393702
144,-0.09156377472164122,-0.22723665869624154,-0.08275975699607557,0.15685591085019573,0.43543774308688166,0.2337627765435649,-0.09298177616416259,1.0504519491331867,-0.349912734231179,-0.5487870710866706
145,0.8024015662957502,1.281152731819249,0.9668560581058496,0.69561223961406,0.04498166334121173,1.3705816355028941,0.9210490239693871,0.6973479979237626,1.939895985230994,2.2756712407159863
146,0.01169631015700859,0.9511923669073642,0.004654442893294534,0.3211311534952556,-0.5975042177903809,1.916529040373837,-0.05314614891254315,0.2012243870121086,0.4728290787009002,-0.3702832751776506
147,0.24845344448127613,0.5123681445674984,0.0007231711507753133,-0.39918084664567616,-0.37856112510385886,0.1313413908305783,-0.06058943194267173,-1.2384498864837241,-0.01145086614291755,0.17965624630593946
148,1.3513588278761048,1.2422936588433429,-0.15677214921908847,1.4174645685003373,-0.10759095771001569,1.29976065014971,-0.17693330288776923,1.3838997491138254,0.8642003973974801,0.43743087009893056
149,-1.4957255195001165,-1.3644054082829093,-1.6978255398014301,-1.3135885981258393,0.03739324885308546,-2.149226515944504,-1.5858123214927997,-1.7343227160192594,-0.01145086614291755,-0.21749939857631698
150,1.7836810345132108,1.4288920981334257,-0.22313274336054195,-0.02997179490402167,-0.49333603502443985,1.1194314807931094,-0.20762616253048655,0.27080288596015256,1.097705366872029,-0.3937876695003907
151,-1.2019366907849118,-0.48717972139075705,0.1542987588968964,-1.2786756720050054,0.5661497996868488,-1.5336533495493176,0.13267635434077582,-1.2384498864837241,-0.5535598957039661,0.3997195216257009
152,-1.0683341952212575,0.21841140769657755,-0.06203677416729375,-0.864513798875859,-0.2195665181835235,-0.02005820660244215,-0.08340967544681879,-0.6896827160624116,-1.2150119603111575,-1.0808138518430705
153,-0.03919800275377362,0.442023733945953,-0.8139403542521098,-0.6640547088668138,-0.45269314783344816,-0.056036579497474155,-0.8092718235234219,-0.8501200197942532,-0.8224146488915677,0.8559212648875327
154,1.972680777701322,0.6630610035470427,0.6438975132117115,0.9816869162752505,-0.3145156800164517,1.584462944323055,0.5479052641183261,1.9950915858591143,2.505985986305755,0.5155440944537197
155,1.1880476070094568,0.3600237114548606,0.6700056780366246,0.3697585384482759,-0.8262113244455018,0.3586120640608419,0.656324021328651,1.5884333579489003,0.36447906607636243,0.6642796922749082
156,1.16146754004644,0.5612904851907515,-0.49955401431581214,0.8764040403628148,-1.3253839068311637,0.0801088109041174,-0.5069776052928127,0.693152014517697,1.6926254322661067,0.8373409887871526
157,0.21625323702685523,-0.07547923599458022,0.05564325888176258,0.24106939200807787,0.43543774308688166,-0.6949694712739377,0.011514476950548441,0.47582641658019414,0.30593852953279294,1.2183729853572332
158,-0.6612241494068518,-0.7822543353672776,-0.0031216452046717285,-0.15249450244495547,-0.004819087871175336,-0.7170519496473023,-0.04547468464588738,-0.3527123988346945,0.700086127879092,-0.009990822024350459
159,-0.11189355842847254,-0.5809623957852693,-0.6507352848792157,-0.20789097737141946,0.7753007022901441,0.27496266032208305,-0.7341719587033364,0.3362460285381797,0.008195957047793136,-0.03117434112643627
160,1.921965207235283,0.0737547368542843,0.4963173688310552,-0.43804495735532356,-1.3622676277688195,0.4471867514845647,0.3466804702766912,-0.5097530100951648,-0.8638703725485738,-0.5284230263876163
161,0.46247905466935313,-0.12022922076518919,-1.6989671464848584,-0.06494949454270428,-0.416243666654422,-0.09468966109423568,-1.6020127492838572,-0.8501200197942532,1.230851424051258,-1.4866887280061196
162,0.9670560434526092,1.9971959618641233,0.4867228309478275,0.622945265018062,-0.4493776802051872,1.1797488783759313,0.4496460242344906,1.2175488910160503,1.5320619757902239,2.0007574531572327
163,-0.5504854954638099,-0.9588433994246214,0.19815113937866813,0.07444311586923213,1.8979928461613127,-1.509513448204936,0.15188699261664443,0.6681684561208403,-1.8254191203559949,0.5636904779103701
164,0.5586845302214158,-0.2578406056232864,-1.2485755624209633,0.9914238835233514,-0.23876586949743453,-0.5488834893793322,-1.21704696280214,0.9260740430527334,0.07413530715510079,-1.2311218870241132
165,-0.6514976878623286,-1.1921220252200628,-1.2846274575480936,-0.42862237133373277,-0.39285430467177485,-0.012514070884885369,-1.246818875141022,-1.0769774984489964,-0.7273607762971608,-1.417929487691634
166,-1.209966721849186,-1.2943633854189505,-0.2718883712304953,-1.1875393323908814,0.11012419309015514,-0.49319481760153866,-0.3014655776184292,-0.270542000839736,-0.25326093447308445,-1.7526331316219412
167,-0.28223681857802024,-0.47515567205737796,1.638646401455354,-0.02997179490402167,2.560733930349117,-0.5494160479988475,1.85924285025411,0.22572386958016752,-1.4340976855797707,0.21238847039538675
168,0.0771894696981155,-0.32576424040834856,0.19815113937866813,-0.9301509636299308,-0.1015877997648579,0.42174089861511227,0.15141605247319895,-0.6154809144118292,-0.3972177408110008,-0.10226029949937147
169,0.1645548120595963,0.0737547368542843,-2.6196124413664834,0.05510975563320812,-0.6966785263407202,-0.20659343886926554,-2.4641106063866713,-0.6596271817098426,-0.25326093447308445,-1.6360754754014895
170,-0.4614258758242211,1.3102036493595217,0.6438975132117115,0.8505594067408994,-0.49291050224699157,-0.340262370103635,0.5680915436247801,0.5390559351351015,-0.3984083117135086,-0.5194585868027034
171,-0.40626860082012123,-0.3499979990697738,-0.2889528919464752,0.0008603995922993467,-0.6807028476554723,1.1726072103218055,-0.2780259189177697,-0.008743113687189366,0.36611344845251875,-0.8079454735101784
172,-0.17571261417701173,-0.3819781470466556,-0.22313274336054195,0.6234398991543664,-0.16358895547411348,0.17853570925434256,-0.15584221229715578,-1.158568704301308,-1.0843961226580807,-1.7039635675615297
173,-1.1271832046182413,-0.5679078804673463,0.6700056780366246,-0.6097027298985094,1.4529273213546365,-1.0370998392667645,0.609117077691202,0.594020367580772,-1.0188560801372797,-0.3296384361674095
174,-0.6715213234541361,0.5775029148073321,1.3869231100351527,0.9584720874780212,2.4043642899464084,0.12192153264166544,1.2761417252205494,-0.8180736407987217,-1.2561798032770932,0.8370689637166899
175,-0.4835114939837902,-0.8354093497157726,1.0174426115019537,0.3211311534952556,-0.6489407569022088,0.12175327653645437,1.0276554935219957,-0.05590799329155876,0.29511807007018603,0.5355370675260204
176,1.015604380279222,1.5744148239294626,1.4521065245463796,1.1561608639544294,2.4887618581523885,1.2695303260966369,1.3655859169418012,1.5884333579489003,1.1320940578119558,2.095982618768286
177,0.2171498241117391,0.404593884524205,-0.08275975699607557,0.3261098238868186,-0.39486153766561255,-1.5153215759870056,-0.12175229754525804,0.22572386958016752,-0.5144116727262162,1.2609387757070982
178,0.9746653237207622,-0.1457117093903073,0.5952202714031809,0.9726747893505342,-0.5765151686921189,1.2242028885618683,0.5667836765323488,1.3838997491138254,1.4209808308767689,0.7720999303489765
179,-0.796271647531819,-0.9206748113465832,0.9206464729579571,-0.9301509636299308,0.5519377808281897,-1.4085149984740077,0.8151216881330624,-0.5330275372474067,-0.8224146488915677,-0.27264125302307035
180,0.08290371127659285,0.40495730828987153,0.19815113937866813,0.622945265018062,-0.17108657107384787,-0.6472995412886697,0.19747775399212267,0.15319700625337776,-0.5859362128400262,1.5100811851824285
181,0.47461857745442354,0.7898600516950686,1.5805839534083659,1.343370724654311,1.9190215539632625,1.0327681731878058,1.4316412408571908,1.1641809439579969,0.519211216099702,-0.49506971655218374
182,0.12036103000573457,0.35645506009495226,-1.0836925920455742,-0.15249450244495547,-0.11804816072169626,-0.3399689751818325,-1.0611112431664862,0.17633731696934976,0.013579169244780573,0.17965624630593946
183,0.6259777585709613,0.8934891331213258,1.0069553451379016,0.9178461370828697,-0.392052175406873,1.2693511755723212,0.9459267988782382,1.3398052912404,0.30593852953279294,1.7330633775661142
184,-0.9181444559653528,0.01998204753716777,1.635888416240641,0.5143385348535954,2.682032132886109,-0.5589988465892058,1.7059738801680882,1.5460844261633235,0.29511807007018603,0.3773601648111926
185,1.8547487287473337,1.3550640199795239,-0.15661026413699913,0.8764040403628148,-1.0071351794420809,0.10937013982695093,-0.18410649529993744,-0.008743113687189366,-0.14146667030813742,1.8784066207337933
186,-0.2756214084406508,-0.46491516269483774,0.059239278345709884,-0.6457315360573341,0.09979928930001096,0.525611701943891,0.07439930351989243,0.6973479979237626,0.21560542919593062,-0.21444429480995578
187,0.7439227032817698,0.322654068102995,1.4506337337146429,1.1561608639544294,-0.0008091701773368501,0.525611701943891,1.339124209698241,1.6383092981115486,0.21560542919593062,1.0970623950699265
188,-0.8263278320500431,-0.16939759452610714,-1.6965583041052894,-1.2288000632609575,-0.39904406883259974,-1.390533928687132,-1.6187648273572572,-1.5920918816946377,-0.01145086614291755,-1.4177427079262281
189,-1.3856602317428397,-1.5289382035283359,-0.20507433332387529,-1.4497036685345954,-0.4656814505096677,-1.4085149984740077,-0.18990135482640558,-1.4220668451002811,-1.2408864120444558,-0.5401104527406431
190,-1.390476879997111,-1.3056204293873994,-2.1398402272777903,-0.5526681745416449,0.19728008761846177,-1.201656932990459,-2.0070320314586407,-1.8309794790496405,-1.2561798032770932,-0.5443096654813573
191,0.9238874082671036,-0.12677097725237785,1.4558155998253213,1.2141110059481774,-1.476188838863014,1.6561852327182975,1.5816711069137899,1.3838997491138254,1.7529235577452549,-0.4098889647430774
192,2.8415667118311676,1.1869165841743687,1.635888416240641,0.4383148297400952,3.145273011631071,0.5540832557004981,1.689146351000719,2.5528372987078662,1.0333530634273318,2.1498180321937412
193,-0.04393184543932205,0.6867438032409307,1.5114286193689588,0.5156308867067543,2.2117037670189195,0.7475826689798499,1.462381604784353,1.954039318891382,1.8567695217620592,-0.246949272726225
194,1.0754749505057433,0.08691578619551717,0.19815113937866813,-0.018183014655428185,-0.14206509856398827,0.30241435215593765,0.1884805144205357,-0.8180736407987217,1.1638778697311876,1.0350486660779112
195,-0.10730977855355658,-1.0579711709747937,0.059239278345709884,-0.7888583300277444,1.637050525685933,-0.5049917485688622,0.05168433482563891,0.04320317481773683,-0.8293397097681192,0.5002846601773531
196,1.0110233555212065,0.9518172702023143,1.4558155998253213,1.4699237844169861,-0.6849630453068384,1.4413292766757684,1.5573589648652852,1.4735855417929882,0.36611344845251875,0.43489071163623305
197,-0.3612569584191969,-0.30705932439255507,-2.1401857639126725,-1.0677471884801772,0.16867320211015654,-0.6610126324323106,-2.0111790298067738,-0.5330275372474067,-1.0843961226580807,-1.49204202547771
198,0.7772233902749675,1.2183937918078735,1.3249217739099226,0.9995835598591666,-0.44445349777342874,0.9950792509748946,1.2782720997784147,1.5884333579489003,0.7963596880136774,1.9821937203307958
199,-2.0502373644668372,-1.5460747995092377,-1.5316761055203103,-1.3651871824446817,-0.37856112510385886,-1.6155640391869388,-1.49368953030382,-1.5888477774568643,-0.5956390578417343,-0.31057643609929525
200,-0.06826309419222124,-0.054101993201051045,0.3640305826115408,-0.41174690910846146,-0.6092687803422742,-0.20659343886926554,0.38259144210478185,0.47582641658019414,-0.5535598957039661,0.6273987640887708
201,-1.6232576704216242,-1.0937700631821108,-1.8951139261262648,-1.8198662506031853,-0.44445349777342874,-1.9766367634708784,-1.8500224477848008,-1.5025915797310474,-0.1813052398247067,-1.599482335803835
202,1.704031605922616,0.7386063167444693,0.6700056780366246,0.6507546953480766,-1.1709120523001668,2.444355097561531,0.5772804520831144,0.8046221245345738,1.939895985230994,2.3655139086006094
203,1.2206302106367308,1.5253154740027837,-0.019839818060578163,0.7894391152981931,-0.22485787929601267,0.3075407221550467,0.012845874182356092,0.8820668967837585,0.9115047553924224,1.7335498437415406
204,2.838865009775649,2.6471614328100337,1.2778075266289919,0.5459655375828035,0.9260511954166668,1.152286506383811,1.2474964410254097,0.594020367580772,-0.14146667030813742,0.25135316848838224
205,-1.3502280630383616,-1.8252678626573569,0.24927097020221273,-1.4181460106383614,0.8884646988541413,-0.5153205093979305,0.16483985674760215,-1.8086998972633934,-0.6501255773500939,0.27608188448368814
206,1.9723504104418668,0.9105631001054171,1.1782674882859023,1.526147197910277,-0.49333603502443985,0.6587533795020285,1.0873232150151018,1.0504519491331867,0.4728290787009002,2.0511671391535713
207,1.4892267179150038,0.7655211248311449,0.0530715590245097,0.971167696976506,-0.1024640248604591,0.15755536616593432,0.024419196063125172,1.8593564581926416,-0.25326093447308445,1.865302456380622
208,0.9376460676252084,1.591464688260261,0.5604894120117876,1.2412539297378709,-0.39486153766561255,1.8268854952497664,0.5122501569471501,1.4735855417929882,1.0333530634273318,-0.7381520128636119
209,-1.3375143443122937,-0.9657878727559777,-0.4833721135816394,-1.5235195694757868,0.03739324885308546,-0.402414796266379,-0.5152780537114574,-0.6167390882409644,-1.2108127992670208,0.5829839099999478
210,-0.8349648939412704,-1.1707757234543594,0.5085112657783831,0.9398173143373899,1.6998647729999183,-0.2655262423766286,0.4657146422930389,0.762060640857477,-0.9345576417213866,0.5908545655740738
211,0.3169683551561107,0.44839392221157276,-0.5622143717699724,0.5459655375828035,-0.4055958299605186,0.4084498327968751,-0.5452196311458991,0.2725451986294023,1.1638778697311876,0.7050134911754639
212,-0.24628865009054493,-0.30705932439255507,0.2775986564618235,0.07444311586923213,-0.7791363632115781,-1.0998307173125699,0.255041314795874,0.17633731696934976,-0.5859362128400262,-0.7610578824553499
213,-0.7986080864990805,-0.3843579532289059,1.232806772816148,-1.1317693335225374,2.3702302960566946,-0.6684787017574142,1.1496083020845147,0.8046221245345738,-0.6774815363321774,-1.1567981161652383
214,0.0907408170576619,-0.0084026629374942,1.1122102595392727,0.30615958038919894,1.2471257150620731,-0.20659343886926554,1.0601382491335036,-0.18907945581411692,-0.01145086614291755,-0.1150491587024216
215,-0.18852674596398755,0.02812780141728993,-0.49955401431581214,-0.12337520764287505,-0.07197586106890157,-0.3140941553785338,-0.4624316096260807,-0.8180736407987217,1.1638778697311876,1.1562599131572096
216,0.7565056811588907,2.2892972566553085,1.635888416240641,1.9126373856898362,2.019772273205016,1.6987754882914325,1.5978956855735658,1.954039318891382,1.3104157142289552,-0.31057643609929525
217,1.6673030294380964,2.1667550397637814,1.638646401455354,0.7081872145078894,2.4043642899464084,1.3139051984274062,2.1163527011496384,1.293454307489845,1.582401920662965,0.7219526105481164
218,0.22615149539704568,-0.465178643704031,0.798010548905357,-0.48958603510748006,1.0486716428411464,0.26969259803345197,0.6719058575594744,1.6383092981115486,0.11685853899459256,-0.5851888867796241
219,-1.5961989668317926,-2.262511809561702,-1.059454245662051,-1.7227197280353483,-0.4661975899372704,-2.1031561919001067,-1.0225192883234162,-1.5427301147968941,-1.2108127992670208,0.15162593920885004
220,1.3672833283459593,1.4778403843819854,0.798010548905357,-0.6322712948775995,-0.8402930715474054,1.7229036360102568,0.7107054580487123,0.13177459335186192,1.4209808308767689,-1.2311218870241132
221,-0.5211908598265804,-0.43949063814698147,-0.8367518409562744,-0.39918084664567616,-0.27362224571781985,0.11712555796969343,-0.7341214894795524,-0.8429082386486509,1.4206690337900743,-0.9486732005462215
222,-0.5771658379122259,-1.737872719383786,0.9668560581058496,-0.3265855332666721,1.1327331693396914,0.16645119739125117,0.8965174915070716,0.19603146927883788,-0.12274155642600829,0.3773601648111926
223,0.5712541574586542,-0.49090836638875146,0.6700056780366246,0.10061161708039501,1.5034667825667443,0.27433947475277426,0.6462169836380861,0.22572386958016752,0.146137700777253,0.6348430400218859
224,0.4109729534875605,-0.08374328501814364,0.86323385646798,0.6570219218848388,2.2134886808274734,0.6563911540384499,0.8834781789818376,0.7425697886047737,1.1638778697311876,1.0737089591137345
225,-1.368016333492888,-0.10087706339436965,0.5085112657783831,-0.818913242309872,-0.39486153766561255,-0.24527353942886312,0.5492084428811843,0.42600564699048166,0.29511807007018603,-0.4567770446104589
226,-0.0776898738619997,-1.0518530224720197,1.0069553451379016,-0.19743292971737006,-0.39285430467177485,-0.9351229294361494,0.9450127418184834,-1.4220668451002811,-0.8638703725485738,-1.599482335803835
227,1.6728530592645532,0.8706112023791537,0.5448614640237222,1.0282979397196883,1.7702085525123725,1.4111779468334031,0.4934060176316741,1.1022760766667083,0.519211216099702,-0.8408391696442085
228,0.05005329178059769,-0.7723513540136491,0.86323385646798,-0.600756034193049,-0.8561775369001232,-0.6842718533223565,0.8915947796589426,0.22572386958016752,-0.4515866294391107,-0.32544959972688886
229,-0.6746632846918234,-0.37392698457293816,0.19815113937866813,-1.0826710069926822,-0.8893680174115088,-0.1351099413701921,0.14595228648039413,-1.612318210298094,-0.6293738338994794,-0.10226029949937147
230,0.4581176914998484,0.2918392481984916,1.1782674882859023,0.3076364127328765,-1.128781167576994,0.09680673325010081,1.1453407393046233,1.5327261435480695,-0.557333998012745,-0.9571155438585065
231,-0.14767380894067508,0.3624865247992776,-2.00303689351867,-0.7185574719885155,-1.3696682251533292,0.219229449434489,-1.86532370533048,-0.6167390882409644,-1.0188560801372797,-1.6360754754014895
232,-0.18240859656976413,-0.30705932439255507,-1.6978255398014301,-0.4643430056021849,-0.99286481991308,-0.45141622047062324,-1.63704897645835,-0.5544497828238597,-0.3121666436645696,-1.1259075140256218
233,1.1760501846740656,1.8659110516012163,0.731508963212364,1.5377252910642782,-0.6415322018861019,0.8142236693092323,0.6783577400013138,1.0504519491331867,1.0333530634273318,0.8373886737637006
234,-1.472236921188204,-0.32576424040834856,-1.8951139261262648,-1.8375157770338675,0.42095167052907273,-1.4403354309620164,-1.828911337910031,-1.1776670144230892,-0.3972177408110008,-1.51717317678229
235,-1.0590265786840893,-1.9189272919993092,-1.0003340368657458,-1.0583161642813024,0.868788078450066,-1.55704674307553,-0.941442297403277,-0.7392049373559683,-1.4340976855797707,0.0902705451266913
236,0.5440702882734119,0.647771603649444,-0.7798040588842466,1.529158877330828,0.3120101024501212,1.7105209722059311,-0.8026845667817959,0.8820668967837585,1.5045274397714254,-0.5396089395976651
237,0.06427899107982801,-0.3843579532289059,0.7947286441692654,0.9178461370828697,0.6521797548738835,0.30743029893347457,0.7171320923369628,-0.05590799329155876,0.07413530715510079,-0.06888076507227174
238,1.5218749297669893,1.062996897612437,1.5847182878692527,2.3106874964248485,0.7771436075021411,0.9950792509748946,1.4574510552575783,1.3838997491138254,1.582401920662965,2.1166443913149466
239,-0.3846406472465266,-0.834862792666195,-1.366582283389713,0.20580381006784196,-0.4230478050792252,-1.351743306225562,-1.3371917317659343,-1.1943213262380976,-1.0188560801372797,-0.9875872165064253
240,1.9744852242469084,2.13454068884008,1.0069553451379016,1.7484499111694622,-0.6218354721590695,1.154949144484485,0.9088469211628162,1.4481530585963343,1.2103701724509766,-0.18593095190497333
241,-0.8032412896768166,0.322654068102995,-1.6978255398014301,0.7081872145078894,-0.9824460520167445,-0.7005861385503351,-1.648083140437068,-0.008743113687189366,0.08265129417865283,0.19390274769910537
242,-1.1555180941311392,-0.2731011705551592,0.3078042542010962,0.2293813705650284,-0.3469224852320523,0.3074659974405626,0.27626502209729775,-0.4106203410507843,0.07413530715510079,-0.49094180192006454
243,-0.6620402033616636,1.0028932698845803,0.24927097020221273,0.0008603995922993467,0.2834743538512404,0.11814853850380218,0.2462538962663761,0.5667477530756633,0.2924354247397796,-0.8858679037257197
244,1.1968016343591492,1.1427406871568764,0.35876276554792214,0.7377239386472217,-0.2113648924184879,0.4758607082920053,0.337218430942973,0.6404841265956519,0.519211216099702,-0.246949272726225
245,1.3653157766848942,0.7898600516950686,0.24927097020221273,0.971167696976506,-1.3374387646291102,0.8296267593750735,0.22089564698323266,0.7463962633437998,1.939895985230994,0.9583430466808606
246,-1.131810664686301,-0.5679078804673463,-1.5316761055203103,-0.2404770914455671,-1.0071351794420809,-0.5164569534153645,-1.4432220426256985,-1.2384498864837241,-0.3984083117135086,-1.6360754754014895
247,0.4289351185607461,-0.5186126757326246,1.2197373985664821,-0.2404770914455671,0.1907054306011333,0.038429127256514865,1.1290045860270148,1.2857636558710352,-0.5144116727262162,1.1472485378266424
248,-0.4946431204993915,-0.7633686513444277,0.4272853503991653,-0.9656192485692068,0.16867320211015654,0.0664782171780379,0.40449610108563794,-0.34137637054641445,-0.3984083117135086,1.059483671039925
249,0.9364964577001655,1.952031232658959,0.6700056780366246,0.6850562067146755,-0.3916607390519365,0.39652977276219864,0.6065032404211672,-0.23744648934730583,1.230851424051258,1.8717811419729447
250,0.8634903899139212,1.8927577831504778,0.6700056780366246,2.098255695786448,-0.4966078152552372,0.3357410357219839,0.5787016044678556,1.2857636558710352,-0.01145086614291755,1.9548414712218793
251,-1.4789820858759364,-2.2350840402399834,0.059239278345709884,-1.2828080114283487,-0.2463721320796286,-1.840793048392443,0.12338226193100373,-0.8180736407987217,-0.349912734231179,-0.1026758487769263
252,-1.0899754937140638,-0.010387283948678607,0.1542987588968964,-0.15249450244495547,0.26000288836006735,-0.3616844199005702,0.14761440121290892,-1.2384498864837241,-0.25326093447308445,-0.7192153524091144
253,2.2228264001050313,2.4594202903866798,0.6438975132117115,1.8461283760863771,1.8979928461613127,2.3710337267016586,0.5343430813127455,3.193542716057708,1.939895985230994,0.6891254477265878
254,0.08690748989075793,-0.23839814636919243,0.4867228309478275,0.8808475036872846,1.9190215539632625,0.460405069654971,0.42684399505790105,-0.785380366172381,-0.5535598957039661,0.23238734400081257
255,-1.4222794662499392,-1.623479763123344,-0.8222008833318433,-1.1175623419408984,-1.1456258821399308,-0.548582646799597,-0.7143998391361088,-2.0412099120194074,-1.078147099425567,0.22497234070690458
256,0.6308925742253856,0.5327989167310322,1.4506337337146429,0.21124478556719234,0.42095167052907273,1.3191934364938296,1.5199945853325003,-0.07747177805902716,1.0333530634273318,-0.7901357096959692
257,1.6743030481728773,1.3954666385736376,1.4506337337146429,2.5472369332884237,-0.046141212827723266,1.119829253044452,1.381093604892797,1.3398052912404,1.9276462052897327,2.547650182617289
258,1.3424892698457576,0.9605029722632461,0.5952202714031809,1.7891276803788945,-0.4064637645329419,0.753678338223808,0.5670974073662701,1.3398052912404,0.8642003973974801,0.6366787614385917
259,0.7310241743378498,0.40495730828987153,0.24927097020221273,1.0282979397196883,0.13579789990912913,-0.035011896497752625,0.23530875851397945,0.22572386958016752,0.4529427491424908,-0.7325284769879712
260,-1.4241218078063471,-0.5509443859864296,-1.5551690458753136,0.2644454348941772,-0.5126389415637733,-0.3767122207388617,-1.4949278930726548,-0.37616519161115747,-0.14146667030813742,-1.4511702173375187
261,-0.037938861514590465,1.423282728537817,1.5861122334470963,-0.018183014655428185,1.4904573570647768,2.2115306593446613,1.5737305135151398,1.5884333579489003,1.6513011169377325,-1.2224756391514289
262,-0.7072715223304559,-0.8291714114044265,-0.7501440176125642,0.2644454348941772,0.5661497996868488,0.8143568724610597,-0.7327517086915567,-0.6533415692981149,0.4728290787009002,-0.9861632211788953
263,-0.257364985852113,0.9526604291626484,0.9381156173370603,1.4224663870059828,-0.930655239146254,0.5527774264394684,0.8557959049229955,2.9352281114549315,-0.04844676206897313,0.7720999303489765
264,-1.8232004997135816,-0.3499979990697738,-0.3769874752503622,-0.46093547955291303,-0.6562200799811924,-0.6472995412886697,-0.3057239351570747,-0.8180736407987217,0.146137700777253,-1.3954648468546973
265,0.06762765754748845,0.6630610035470427,1.1782674882859023,-0.506483764400648,1.7622015014812331,-0.402414796266379,1.1048219748012553,0.6833744891003867,-0.3984083117135086,-0.045980140398867456
266,1.3860912328323125,1.281152731819249,1.2197373985664821,1.343370724654311,2.4043642899464084,1.3828061699789662,1.1189555559635453,1.6383092981115486,1.230851424051258,-0.009990822024350459
267,0.7311250656909228,0.7363144125944364,0.9381156173370603,1.1779247659518326,0.5661497996868488,1.5009453292507735,0.9049516666810282,0.594020367580772,1.204842663928501,-0.13217785161368395
268,-1.7648697793872081,-1.0223082695844228,-0.5197591276701603,-1.3135885981258393,-0.39486153766561255,-1.6736113842849627,-0.5345699244641635,-0.4106203410507843,-1.1631851217839235,-0.32018922515138887
269,0.26120825697274813,-0.19992297410450455,0.6023448851425302,-0.08478841265231626,1.379187385980762,0.9950792509748946,0.544493044472018,0.693152014517697,-0.3972177408110008,0.8613109715707122
270,-0.7546352691302135,-0.30705932439255507,0.5952202714031809,-1.022919717043576,1.9190215539632625,-0.268469716225491,0.5157148351690686,0.07992993513170953,0.219931029123637,0.603871133602416
271,0.17407530180782277,-0.32576424040834856,-0.46604106552239194,0.5459655375828035,0.5661497996868488,0.4700286504169504,-0.5142396798390626,1.5884333579489003,-0.04844676206897313,-0.246949272726225
272,0.37398770211393645,0.3304368040115127,0.4963173688310552,1.343370724654311,-1.6375453679037428,-0.5476970316403924,0.42569588898592065,0.13177459335186192,0.18043502717286589,0.009542088268224764
273,1.451750907032863,0.8374223712749864,1.2187774368619129,1.4699237844169861,0.4089238149007997,1.250634992961084,1.1456526836359708,0.8754170037258879,-0.04844676206897313,2.5322999830650774
274,1.119750482768407,1.5192109377305485,1.1782674882859023,1.7128877170356558,-0.7128102996200111,0.16645119739125117,1.11948229223826,0.07112289529139945,0.18043502717286589,1.5004119125903246
275,0.2206691704928385,0.322654068102995,0.35979456112154057,1.3145537062688615,1.5034667825667443,1.154949144484485,0.3175366715336428,0.4288740521888477,1.204842663928501,-0.4098889647430774
276,1.0144424848207805,1.1848943563225893,1.638646401455354,0.9178461370828697,0.16867320211015654,0.563119405381341,2.0432901134701424,1.7431670697763435,-0.21642929990381332,1.6569176532011582
277,0.8551180901287887,0.6065805569773383,-0.9612498817511684,0.9741904611428117,-0.8218998321033554,-1.0628592369951513,-0.8440321137640722,-0.3527123988346945,0.008195957047793136,0.44754045018664573
278,-2.1674895463561703,-1.6892020855394538,-1.99852798248206,-1.1926627540516628,-1.1322652006434317,-0.14290095525110663,-1.865240601996002,-1.8349750278098205,-0.25326093447308445,-1.6360754754014895
279,1.711078608600629,0.9208316749187935,0.5604894120117876,1.526147197910277,-0.44445349777342874,0.835744748869072,0.5262919066795276,1.5884333579489003,1.4209808308767689,0.43743087009893056
280,1.299259169359163,0.5327989167310322,0.5085112657783831,1.7183949988873344,0.4307455306375661,0.9979626947501107,0.5267907705358713,0.12241400103458516,1.939895985230994,0.6366787614385917
281,-0.23093231422060814,0.1886396726855519,-2.2083544171410368,-0.537191622010158,-0.1475988256543626,-0.08323687111495078,-2.145238550099927,-1.371952168022058,1.6091085086024561,-0.8408391696442085
282,-0.10089489038214558,0.3350601599905788,-1.4193458927943923,-0.3266345066543333,-0.5557667583733263,0.6823147047915787,-1.3813927764374612,-0.37616519161115747,1.2518799019638116,-1.314484118874044
283,-0.19947210387447778,-0.1465801593944045,-0.06203677416729375,0.031433500017221915,0.07760650276059332,0.7787291546823978,-0.10817603084653817,-0.9923929769581831,-1.670848672238844,-0.045980140398867456
284,-0.829683463484988,-1.4846126637386226,-0.20507433332387529,-1.490485075372586,0.03739324885308546,-1.6076049925749636,-0.19804897642820776,-1.1943213262380976,-1.0188560801372797,0.07240668109037343
285,0.37929817013009737,0.20106555216073513,-0.9656013565108884,1.578743294404,0.29907576805358,0.6938166840838732,-0.8283342826135657,0.6020027945188575,0.18043502717286589,-1.2311218870241132
286,-1.2620555734271424,-1.4298923243681314,-1.3121996909515354,-1.7227197280353483,-1.64183554655419,-1.814468226876697,-1.2427409239196652,-0.6167390882409644,-1.670848672238844,-0.5851888867796241
287,0.280508446567931,-0.2578406056232864,-2.0102080360141077,0.6234398991543664,-1.3696682251533292,-0.5616369166860363,-1.9883487615481215,-0.7392049373559683,1.6513011169377325,-1.2017962373922386
288,2.2032697131993877,2.699369468363265,0.7075431729744431,2.784548300379588,1.8900657429335521,1.7553927055497522,0.6170953245445081,1.9054232602751782,1.582401920662965,0.9603623402392366
289,-1.3213899543837637,-1.1777039077180802,-1.7745660078313523,-1.1875393323908814,0.2214947584848573,-1.0819636536280866,-1.691335186171112,-1.2936390431915337,0.008195957047793136,-1.3213696003128002
290,-1.3764517075272185,-1.5470386973212233,-0.5622143717699724,-0.8436243393694233,-0.30251279892972904,-0.8810566014842576,-0.5706325754150887,-1.036999903934675,-0.5535598957039661,0.5190085498680403
291,-0.8938932571121629,0.12973426864130908,0.09231202974232168,0.017317002718082453,-0.8412386215981315,-0.35201350409340865,0.0795669544764761,-0.4106203410507843,-1.6150306528175178,0.9807163633378716
292,0.9424945553983548,0.06895455961167747,0.1542987588968964,-0.19743292971737006,0.6521797548738835,-0.19344925848828878,0.11436027077683898,1.4087496634355732,0.11685853899459256,1.4596274855606461
293,-0.7146693949381085,0.15218493939453168,-0.20507433332387529,-1.1024485211093693,0.05922956869003327,-0.9779678921045407,-0.22592412867300818,-0.21810831067993508,-0.5399362111684572,0.27608188448368814
294,1.153020166575649,0.7336856696846524,-0.20507433332387529,1.1978750094494517,-0.0462516356758546,1.0918117717974216,-0.09234653218439684,0.2725451986294023,1.6091085086024561,-0.0557706546212979
295,-1.4018187259137143,-0.3499979990697738,-1.5363126552498596,-0.7164415370721006,-1.0071351794420809,-1.6568486533227977,-1.4603182333712377,-1.0861581984372843,-0.825295651742047,-1.347267199188921
296,-1.5694983932157283,-1.3835520307491964,-1.1251861990373118,-1.7819659056949448,-0.49333603502443985,0.2337627765435649,-1.0329300115822424,-1.6807355281673069,-0.5535598957039661,0.05238598061552353
297,-0.9285760988788003,0.004884588246736389,-1.0952254894879798,-0.26344471434690814,0.1184629952398631,-0.480890464721756,-0.9750976271155558,-0.9612146214694435,-0.4515866294391107,0.17965624630593946
298,0.3055614625379049,-0.04621589014580728,-1.366582283389713,-0.8764321261601508,-0.3641180237566686,0.1006484211550112,-1.3153494431127668,-0.13123572343378198,0.9215512270722537,-1.2224756391514289
299,0.7567865326737275,0.0073170723590808544,1.2726800484478067,0.8180949195947733,2.4043642899464084,0.3020316744896027,1.2538319166089056,0.594020367580772,-0.3984083117135086,0.42222060693193997
300,-0.9050269103112346,-1.4742460837780627,-0.8334310035951233,-1.5235195694757868,-0.9633985670878855,-1.559272733497707,-0.8132508941009425,-0.13123572343378198,-1.3655712783151115,-0.5019836414030339
301,0.4990863115225822,0.512342198942193,-1.5551690458753136,0.43752841522543756,-0.7295513462987979,1.3725153565887613,-1.551620513317713,0.13177459335186192,0.42569530528960925,-1.347282151518582
302,1.0103110537125939,1.432340112772482,1.5991813091564244,0.48692087753429414,1.879671484542532,0.6823147047915787,1.6125297696409917,0.45763290385456223,0.21560542919593062,1.0152927734006634
303,-0.2637483880338991,-0.3819781470466556,0.5982598280587791,-0.11593920779376252,1.9304833679047053,-0.17720947347922897,0.5693693601985168,0.031681236217234156,-0.5144116727262162,0.5355370675260204
304,0.4678617710405668,1.2294974275444577,0.42370585768339253,-0.5114981265965578,0.13579789990912913,0.828524671047604,0.3508830580141915,0.7425697886047737,0.6074884812954583,0.6031921432621841
305,0.44825020180949915,0.7513224602970818,0.9206464729579571,1.2163101852787936,2.019772273205016,0.8262642803325639,0.8739812770276199,0.9028189708363492,1.3104157142289552,-1.07065688868632
306,0.4123749905796611,-0.5679078804673463,0.86323385646798,0.814830334295163,-1.4312539568029294,-0.05634865222567307,0.7980097624626977,0.40273644155474747,-1.0371671851756417,0.8875759860668532
307,-0.24965283243080302,-1.415084462664013,0.7075431729744431,-0.7503972545402707,1.379187385980762,-0.26797599307373454,0.7279604452450281,0.4288740521888477,0.519211216099702,0.8373886737637006
308,1.1515206814571757,1.979222277778818,0.798010548905357,0.4999792187327358,-0.1467055317606856,1.2586307203412406,0.7274998288353867,1.6383092981115486,1.0333530634273318,-0.22280048977716851
309,0.08872004770905853,1.0028932698845803,1.4506337337146429,-0.3165298378698248,-0.9512877863490048,-0.6066355351852165,1.3654003489619113,0.47582641658019414,-0.6774815363321774,2.3300399822788314
310,-0.07564623159251843,0.7435791429202885,-0.5777908932381501,-0.6442838381878546,-0.11166813969802272,0.4792952946557923,-0.6168144879696567,0.5667477530756633,-0.01145086614291755,-1.188496472589421
311,0.78513560436713,-0.8354093497157726,0.6700056780366246,0.5915948823789456,-0.08685032667982048,0.981959943974028,0.6463090030620944,-0.35231367266249014,0.146137700777253,-0.34186197349015696
312,0.13142259319507174,-0.9700251390743843,-1.272410384160817,0.14014937237567657,-0.5898961432475249,-0.022760417932775067,-1.2165467673403556,-0.9246034292691973,-0.6293738338994794,0.10666009540021755
313,0.06776462565890848,-0.2949349330473779,-1.7745660078313523,-0.5236426273117805,-1.0558290289125498,-0.4715521596867104,-1.723608567103668,-0.8501200197942532,-0.5535598957039661,-1.449591092826267
314,0.9678877525431866,-0.7081837008690969,-0.15434873785548237,1.4224663870059828,0.3621948337697526,-0.36091350741265366,-0.16844824567959085,0.12241400103458516,0.8642003973974801,0.8521633567989951
315,0.12340301108100006,0.47142575855873015,-1.6939825558534019,-0.2884181311231794,-0.3597654559378155,0.4377961472860129,-1.66386924405655,0.8754170037258879,1.6926254322661067,-0.4989788197475796
316,-1.8548076886332574,-1.2313526080934587,-0.5475520995442406,-1.0412121438644617,-0.9183831323978879,-0.8886802505905574,-0.5479086291458457,-0.7392049373559683,-0.3972177408110008,-1.1576472270219367
317,-1.264287943604175,-0.8307879584174126,-2.00303689351867,-0.9301509636299308,-0.04981838119117298,-1.8256950965051348,-1.9053894965478972,-1.5888477774568643,-1.4827779490718616,-0.8861835384624455
318,-0.23547565649133687,-1.2028412937671475,-1.0952254894879798,-0.498951246853725,-0.8882612220716299,-0.6564213986019002,-1.035786199675525,0.34566103199540377,1.0333530634273318,-0.03117434112643627
319,-0.5404944492061098,0.08691578619551717,0.24927097020221273,0.6829683954372806,-0.6280981141260635,-0.5164569534153645,0.25466513465174634,0.693152014517697,-0.3315824795771225,-0.27264125302307035
320,-0.691920216410085,-1.3835520307491964,-0.2774676358382447,-1.2142907952626891,0.3621948337697526,-0.9818838653510696,-0.25359408035124986,-0.37616519161115747,-1.2108127992670208,-0.03117434112643627
321,0.7726306667203922,0.5896047701091167,0.8497723772376472,-0.4643430056021849,0.9713937802520861,0.2863649819636216,0.7494490904905765,0.12145711546998184,-0.3972177408110008,0.7720999303489765
322,0.9960869678655913,2.504535824012206,0.43032889017626774,1.2255442697761751,0.10841409806012153,1.2039293161252032,0.40335983074685783,1.2175488910160503,0.5880697090183892,-0.5016871155270477
323,0.35745211387645015,1.3293188440079071,0.5952202714031809,1.2900088612384568,-0.31152744419435274,0.06370473783689024,0.5622482771038658,0.7463962633437998,0.8730658947101647,1.5941354058622925
324,1.2243817112538897,0.512342198942193,0.91556041130118,1.6331530493975068,-1.273228637254687,0.04138553327320895,0.840889463727121,0.8740990875410358,0.21560542919593062,1.753540849969466
325,-0.9392302828195339,-2.4035423691121065,0.0007231711507753133,-0.8764321261601508,-0.3149913198428467,-1.4748363396157231,-0.05545460649417311,-1.2801832308239118,-1.2561798032770932,0.27608188448368814
326,-1.0939134247358322,0.591303845062913,0.824945528818974,-0.9523985078939422,-1.1207953378955224,-0.5615055942662431,0.7421510215707688,-0.547852859664954,-0.8638703725485738,0.9857526620840481
327,-0.5322394518694525,-0.4346511532352278,1.151671542466359,-0.2404770914455671,-0.4752539449288791,-1.1713111692777867,1.0227854559354612,0.8046221245345738,-0.25326093447308445,-0.5726027218163356
328,-0.9623368932868516,-1.1133538848902131,-0.5018923825705307,-0.7185574719885155,-0.08819016696903606,-1.0253339630009402,-0.4859326610397467,-0.13806525962036997,-0.17693296985312118,-0.6588173781519219
329,-0.5743702677654224,0.7779194157806306,0.36462008653110795,0.2918569700045021,2.2505164780561886,2.365003502272981,0.32589204705981256,0.12241400103458516,0.9215512270722537,-0.34674014800839886
330,0.22866447099466566,-0.15788574116298668,-0.03488683684250613,-0.2024274649108312,-0.797143264449651,0.5546591257426539,-0.05402237320439272,-0.34137637054641445,-0.8224146488915677,-0.14869112636044374
331,-0.37927738332971245,-0.8354093497157726,-1.0003340368657458,-1.1054986403205225,-0.30122345246994475,-0.49300832518908194,-0.9360920249164845,-0.8501200197942532,-0.557333998012745,-1.1567981161652383
332,-0.7493168641792902,-0.23839814636919243,-0.6507352848792157,-0.3265049596186344,0.3120101024501212,-0.80382576395587,-0.6577105325587786,-0.9612146214694435,-0.4423144760174334,0.0432359204530334
333,-0.5758314607604066,0.5327989167310322,0.6700056780366246,-0.7888583300277444,2.4043642899464084,-2.2378160794590847,0.5817007296317179,1.954039318891382,-0.8814166804102245,-0.4098889647430774
334,0.9642826991822498,1.0903105822041732,0.86323385646798,1.5274467815202124,-0.09021687472259371,0.0801088109041174,0.8600301105235163,0.19603146927883788,0.4728290787009002,-0.4008480367658015
335,-0.8576933731767409,0.06498328964428159,0.9668560581058496,-0.5526681745416449,2.269127031504378,-0.19344925848828878,0.8778281794264542,-0.37616519161115747,-1.0188560801372797,-1.449591092826267
336,-0.12630850323629542,0.5327989167310322,-1.366582283389713,-0.864513798875859,-1.1709120523001668,-0.4194551429499389,-1.2643262223501577,-1.0599550800071091,1.1320940578119558,-1.2311218870241132
337,1.5185703691021843,1.0432166903833433,1.4558155998253213,1.343370724654311,1.9190215539632625,1.4646888692547586,1.3524741131059321,1.3398052912404,0.7963596880136774,1.958696486196962
338,-1.4445072452599244,-0.8147513099392941,0.6700056780366246,-0.6090243194118546,-0.7643957803719538,-0.8427697254902972,0.6293678430795348,-0.7218855337861737,-0.18839108200294274,0.22497234070690458
339,-0.8169023488846647,-0.26374504899212725,-0.9656013565108884,-0.6640547088668138,0.43543774308688166,-0.17720947347922897,-0.8568814353663741,0.07989450953445866,1.0112072669203205,-0.5851888867796241
340,0.6424843445813031,0.2672492054224792,0.824945528818974,0.9178461370828697,1.2471257150620731,0.669384497304387,0.7999480914254292,0.42600564699048166,-0.01145086614291755,0.21485292639731435
341,0.29480123793469293,-1.2943633854189505,1.0069553451379016,-0.4643430056021849,1.9190215539632625,-0.16600287275180686,0.9299525698534551,-0.5097530100951648,-0.5535598957039661,0.12914768275486374
342,-1.4812343673191124,-1.3716144859961212,-2.9560904189256005,-0.6446348983475098,-1.2115007480199886,-1.1585028185613673,-2.7993132381035304,-1.997900622225905,-1.2108127992670208,-2.058333811513057
343,1.6822912907858454,-0.3621284000265223,0.824945528818974,0.20967285768819324,-0.7123157858703741,0.9897306398597641,0.7995181698950697,-0.13123572343378198,-0.5144116727262162,1.2433846896598493
344,-1.1679845289836417,-1.6800330921721205,-1.3121996909515354,-0.8764321261601508,-1.0203791269202664,1.501106096456679,-1.3134008557889447,-0.7703990064962142,-0.5535598957039661,-1.51717317678229
345,-0.12689824984332848,-0.11877269431337009,-0.6136708799460064,-0.5789057675051802,0.05922956869003327,0.4758607082920053,-0.617762042594893,-0.8180736407987217,-0.5901453564973471,-0.246949272726225
346,-1.34059186384047,-1.664333245693616,-1.8389291544995676,-1.7634155173544526,0.27690741839347366,-2.435734136630449,-1.701313386415804,-1.8349750278098205,-2.1048308074651723,-1.7679130538605479
347,-0.2000780213146055,0.7123611450765409,0.731508963212364,1.0697098087980799,0.174411511466762,0.0664782171780379,0.7004838752712151,0.8477490194728347,0.36611344845251875,-0.025833097850521264
348,0.4859035710212578,0.40495730828987153,-0.2718883712304953,-0.6085288563349783,1.031687163330537,0.2687753540049704,-0.2579056839848564,1.2857636558710352,-0.13517269454383893,-1.0089938589732874
349,0.2274504650991054,0.4916811543599291,-1.8951139261262648,-0.5250945778747068,-0.6218354721590695,-0.28203698674948563,-1.8697020835758416,-0.4774731212226654,2.033189244972329,-1.2679739944644817
350,0.17630043648503485,0.029200979067267846,1.3869231100351527,0.5459655375828035,-1.2652927194201864,0.7989490955071126,1.2835552447213305,1.2857636558710352,0.29511807007018603,1.3137662487763486
351,0.15958286256635176,0.5327989167310322,-0.1598124654710543,-0.36964412250634343,-1.729999332989345,-0.5784562881439818,-0.15022327504621458,0.6404841265956519,1.3958460984078096,-1.3469100153828297
352,0.29278568377181674,0.5275180397646771,0.9381156173370603,0.7377239386472217,0.4467989723958047,0.5534318515057576,0.8892082050898203,-0.34137637054641445,0.9215512270722537,0.9340885774626357
353,0.518547846604007,0.9526604291626484,0.19815113937866813,1.0282979397196883,0.5661497996868488,1.8547059669596593,0.18851014962273627,0.40273644155474747,-0.04844676206897313,1.5633744809849028
354,-0.20590785470563178,1.1849132838529062,1.1782674882859023,1.2982994678184676,1.0486716428411464,-0.17720947347922897,1.1056255998322773,1.5567524977544733,-0.01145086614291755,-0.9577804609272336
355,0.853817038145372,-0.6974312179154792,0.5553722433646046,-0.15148691438952053,-0.6062474267778117,0.8756112050004773,0.4969905766947512,0.9260740430527334,-0.6293738338994794,1.1426770127393702
356,0.8102945552979509,0.2764889832134137,-2.0102080360141077,0.464023438974527,-1.5601591690050065,0.7514351286133771,-2.022763196987318,-0.3527123988346945,1.6513011169377325,0.6972667467969655
357,0.3665326364486787,0.3304368040115127,0.49744266603080917,0.8133794074953363,-0.5247729050356333,0.3597801004696128,0.45459808616572867,0.47582641658019414,0.519211216099702,-0.246949272726225
358,-0.010596461352867553,-0.18217583993289338,0.4482367472126838,-1.0598803305037456,0.4091231005658792,-0.3225290954190086,0.42290657796995074,-0.09360010080554754,-0.04844676206897313,-0.03117434112643627
359,0.5928579041031127,0.2534120747794713,-0.06203677416729375,0.1072616982462679,-0.19628159018125474,-0.1427183975502642,-0.10737852737881554,-0.5537449796170602,-0.14146667030813742,-0.38102224546537944
360,1.0486738347471292,1.4439461751196314,0.4867228309478275,1.9247893361627042,1.7528347945299392,0.9950792509748946,0.42333622812280924,1.3398052912404,0.4529427491424908,1.2609387757070982
361,0.8170549028032874,0.4363506606226085,0.731508963212364,0.6507278847475585,-0.19628159018125474,0.5718776006089938,0.6999996824301047,1.2857636558710352,-0.5396026999959599,1.4279560942580236
362,-1.0166355591155671,-1.4846126637386226,0.5952202714031809,-1.1317693335225374,-0.5557667583733263,-0.7995635956017131,0.550824630969563,-0.18348167526118195,-1.0371671851756417,0.4207297853508385
363,1.2384923500223795,0.04499337541207002,0.6700056780366246,0.9730202046301847,-0.44445349777342874,0.9950792509748946,0.6202082112073009,0.009535276842959165,-0.14146667030813742,-0.9486732005462215
364,-0.7266101032316467,1.616092854813136,1.4101755157680365,-0.22300522075441256,2.4043642899464084,0.8568328205220076,1.278452952933788,0.6681684561208403,0.9215512270722537,-0.03117434112643627
365,1.4336141431382927,1.1122231709427972,0.19815113937866813,1.343370724654311,-0.16284058770225132,0.7727630214231636,0.16906591804837182,-0.07747177805902716,1.582401920662965,1.3163957074483816
366,-0.4330041041517202,-0.22723665869624154,-0.20507433332387529,-1.1603344548941283,-0.6359915682600213,-0.742353935587376,-0.20679160374269387,-0.6533415692981149,-0.2964301728728576,-0.1171648013642883
367,-0.8603955700461432,-1.5895855538609907,-1.1839152847489522,-0.7168831203111682,-0.3149913198428467,0.2088216185077266,-1.14978872170019,-1.5888477774568643,-0.752140357960734,-1.0307024120517188
368,0.9156457857411393,0.4957376421705833,0.13918621891925995,1.0282979397196883,-0.576180948165076,1.2703360937207608,0.1487174314223008,0.34566103199540377,1.939895985230994,0.2628513048147429
369,0.35590995195680075,1.1848943563225893,0.6700056780366246,0.9713709595035543,0.05922956869003327,1.570384652085937,0.6309580948033435,1.3838997491138254,1.939895985230994,1.4814641676815725
370,-0.14156787675639176,-1.71073932313919,-0.2889528919464752,-0.3120387986335351,0.43543774308688166,-0.9326419577937932,-0.2905920685735072,-0.3527123988346945,-0.3984083117135086,0.1424544137800913
371,-2.003545173460451,-1.2523189844516631,0.35876276554792214,-1.030657872159603,-0.05005686393537891,-1.6743974204104768,0.32937400037901293,-0.4106203410507843,-0.8638703725485738,-0.7505808847565603
372,-1.0158929623643305,-1.2232357104447475,0.6700056780366246,-0.5698374750062624,0.7746938594033946,-0.6943104421429764,0.6753380555293994,-1.3233242958882723,-0.7376945350459425,-0.6237849295658633
373,1.213818117905677,0.2764889832134137,-1.1251861990373118,1.7202086573871185,-0.09021687472259371,0.8460878539130156,-1.1657028999174912,-0.13806525962036997,1.3539424031520257,1.5458263492100417
374,0.19463814656655187,0.029200979067267846,0.798010548905357,0.6503585869149289,-0.3479751723005211,0.9512725100047862,0.7382857631816433,0.34566103199540377,0.07413530715510079,1.853018914882786
375,-0.6462189116738287,-1.2876927165747638,-0.7501440176125642,-1.7819659056949448,-0.6413873881378344,-1.5109170705722472,-0.7468126079094138,-1.6807355281673069,-1.4340976855797707,-1.6535213850081112
376,1.9850005187792303,0.7363144125944364,0.9381156173370603,0.8180949195947733,2.682032132886109,-0.25042298522872136,0.8591456554851585,0.9775657439056811,-1.0371671851756417,1.0350486660779112
377,-0.22880388857325734,-0.19708343263704736,-0.1906520515242861,-0.41174690910846146,-0.7815463504488004,-0.28394618953289613,-0.1605705664912556,-0.4106203410507843,-0.3984083117135086,-0.4989788197475796
378,0.5187413356764446,-0.14158686473326754,-0.20507433332387529,0.5459655375828035,-0.5329974126312149,1.4514487044611426,-0.23917918946590858,-0.4774731212226654,1.0735561016134634,-1.1450724456160302
379,-0.03860400555398901,0.7556052657384352,-1.0952254894879798,1.7202086573871185,-0.7861650208952801,0.460405069654971,-1.0705210085973584,-0.13806525962036997,1.939895985230994,-0.9861632211788953
380,-1.727304440669533,-2.0565774450408343,-2.0102080360141077,-2.3743010127967534,-0.21177911478077432,-1.5578769724493435,-1.928215629856029,-2.1094011233987815,-1.670848672238844,-1.511717416356164
381,-0.9613287112722824,-0.9353304101109837,-1.219411011586928,-1.334717719648318,-0.893489916539138,-0.7300579200689891,-1.1763657456222183,-0.9977017669920147,-1.2561798032770932,-0.46695236573498866
382,-0.04060844159413946,-0.5895824323829094,-0.9656013565108884,-0.40009363834097655,-0.8687308598958363,0.00017049690778660003,-0.9329847221158862,-1.0485887804965726,-1.4827779490718616,0.10667539307869021
383,1.5028487690140355,1.0028932698845803,1.0069553451379016,0.894087210735705,-1.729999332989345,0.35863909940614536,0.9417308801872024,0.4288740521888477,-0.12274155642600829,2.1436884402355525
384,0.9402168576916746,0.928627882064558,0.2775986564618235,-0.5764875561721355,2.164226841266438,0.9950792509748946,0.2122258485216478,0.7463962633437998,0.6074884812954583,-1.2178823985523837
385,0.45819497928857744,1.108699993612472,1.4558155998253213,0.7465331370747421,-0.3149913198428467,0.9425098761597872,1.382708111008938,1.7431670697763435,1.1638778697311876,1.0350486660779112
386,1.0984696764655015,0.687906991387298,-1.366582283389713,1.120250425658715,-0.5557667583733263,0.893748851518638,-1.2991802027599837,0.6973479979237626,0.611070015171746,-0.7252429576154205
387,-0.10136826514405632,-0.8242615202509382,0.24927097020221273,-0.09091072049674902,-0.5557667583733263,-0.6842718533223565,0.273710709249937,-0.6896827160624116,0.6625526758366442,0.332226435703818
388,-0.2032758290528312,-0.03186847909169641,1.2738940486488584,-0.11593920779376252,1.8979928461613127,-0.3140941553785338,1.1201506687662977,0.4288740521888477,-0.3972177408110008,-0.34674014800839886
389,-0.530223473994774,-0.7723513540136491,-0.9656013565108884,-1.030657872159603,-0.19628159018125474,0.40347532221034604,-0.9068099083425101,-0.5549904713479294,0.008195957047793136,-1.0089938589732874
390,1.3186569001302324,1.5157247546744548,0.824945528818974,0.8387706264923058,-0.39285430467177485,0.8756112050004773,0.737120724324052,1.5460844261633235,1.204842663928501,-1.449591092826267
391,1.370303134472983,1.026488507316551,0.3596628268430099,-0.35280300786549607,-0.942553489908963,2.040549407701075,0.34270336448654537,1.293454307489845,1.5753040178997755,-0.46472182913153237
392,1.9019482522646562,0.44839392221157276,0.6700056780366246,1.343370724654311,-0.7791363632115781,1.217937169695468,0.676079407349856,0.8754170037258879,0.6555491284251896,1.5431368017065812
393,0.5169010151450761,0.5060561452385728,-0.08275975699607557,1.0350380875163079,-0.46622056031587983,0.9491877715805173,-0.1655243227565694,1.0504519491331867,0.8642003973974801,-1.458925736230216
394,-1.7984477635656235,-1.18780160698867,0.49744266603080917,-1.1024485211093693,-0.9512877863490048,0.016589017805626632,0.42969460710566415,-1.158568704301308,-0.6774815363321774,0.17965624630593946
395,0.49509039965502616,1.1848943563225893,0.9668560581058496,0.4999792187327358,0.6521797548738835,1.917826629816537,0.913873703163976,0.8046221245345738,1.0333530634273318,0.3997195216257009
396,-0.34892389263198903,-0.5819668594336219,-0.08275975699607557,-0.5764875561721355,-0.534069161757733,0.14315978738327056,-0.04848428127702464,-0.6533415692981149,0.07413530715510079,0.17965624630593946
397,-1.0817014573252333,-0.9274983718678467,-1.3121996909515354,-0.9523985078939422,-1.1351193876490129,-1.574137077344029,-1.2277989727438168,-0.9246034292691973,-1.6150306528175178,-1.147337617052988
398,-0.12686410238832263,-0.18217583993289338,-3.0416240329376087,-0.9467761665446129,-0.3302996809989352,-1.13348452310999,-2.857842480239327,-1.8349750278098205,-0.14146667030813742,-0.9970645382494862
399,-1.1908884534813982,-0.8242615202509382,-0.5443141334772433,-0.9734369464914314,0.2186621937990601,-0.480890464721756,-0.4781216274668918,-0.6596271817098426,-0.4390857592459121,-1.9255064594107798
400,-1.998025750200402,-1.6643871388423352,-2.1030900449888814,-1.5299784428146705,-0.052313564389008825,-1.8936503223586325,-1.9968480399521629,-1.4220668451002811,-0.8224146488915677,-0.14063452594775833
401,-0.9681853888275239,-1.718070236441165,0.42627571853475654,-0.2726393021750623,1.8979928461613127,-1.276123938500995,0.4040918099829031,0.031681236217234156,-2.152741804547349,0.21485292639731435
402,0.59723479829594,1.4960495074431428,0.9668560581058496,0.7465331370747421,1.1537444998064244,-0.08680535189276505,0.911001263236447,2.1538920815731,-0.04844676206897313,0.36340868204422866
403,1.977243286301818,1.4876003896368344,0.6700056780366246,1.5021162227881442,1.1342057391032567,1.7471003352269383,0.5522488282799513,0.9775657439056811,0.9215512270722537,2.3300399822788314
404,0.4491476623171629,0.471061425569607,0.7075431729744431,0.20580381006784196,-0.3149913198428467,-0.5784562881439818,0.680158744263834,0.9172346719312351,-0.5535598957039661,0.23911886887439346
405,-0.016753488094990887,0.7133756192910471,0.5604894120117876,0.8505594067408994,-1.4684241029442129,0.3020316744896027,0.4492631023199544,-0.008743113687189366,-0.5144116727262162,-1.0808138518430705
406,0.0018438532624832325,0.029200979067267846,0.19815113937866813,1.0697098087980799,-1.110254987306162,0.3020316744896027,0.1550872191768218,0.08353988534314369,0.11685853899459256,-1.1567981161652383
407,0.9640136372025582,-0.19992297410450455,-0.08275975699607557,0.8043111149964179,-0.5898961432475249,-0.110594913324275,-0.11741159182845148,-0.3527123988346945,-0.21642929990381332,-1.5445713189266235
408,0.0392541038432379,-0.7604909563196419,0.731508963212364,-0.41174690910846146,1.532842646930593,-0.8453402260881507,0.7042544621928607,1.829914374946347,-0.1534652680518912,0.6031921432621841
409,0.3299554065281991,0.6317246352097404,-1.2485755624209633,-0.3165298378698248,-0.6062474267778117,0.8143568724610597,-1.1699937104415155,-0.5321294975865082,0.2924354247397796,-0.5007926354985854
410,0.28040121667402623,-0.3499979990697738,0.0530715590245097,0.12418917757758115,-0.0588075723034307,-0.12877801760313645,0.0001642136747762573,-0.3455598316631232,0.07413530715510079,0.8373886737637006
411,-1.612542334453146,-0.6833887130042828,-0.5474274291929981,-0.4643430056021849,-0.6415678520756533,-1.3871624781020944,-0.507478260162386,-1.1878286425949771,-0.9345576417213866,-0.11917953189000974
412,2.1360722234903404,1.2908353791889855,0.9206464729579571,1.623480204065328,-0.9149365603999126,0.540610580008811,0.8791476090418522,0.7425697886047737,1.1638778697311876,0.23083085567958153
413,-1.5651341444325138,-1.0732847997383081,-0.6916755426224791,-1.3651871824446817,-0.3149913198428467,-0.6943104421429764,-0.710433794467646,-1.0450934862265295,-1.6150306528175178,-1.5100272896252431
414,-0.32631849926047996,-0.6960314333474875,0.824945528818974,0.3261098238868186,-0.4613523242312208,-0.7848244199844577,0.785352489378645,-1.2384498864837241,-0.349912734231179,0.5829839099999478
415,2.203633143636288,2.093547625909083,1.638646401455354,2.045458081681637,-0.34187778266885555,1.1479821889451562,1.6765225123702037,0.8820668967837585,1.6513011169377325,0.5636904779103701
416,-0.6590903790852105,-1.1727192958605501,0.1542987588968964,-0.4643430056021849,1.4904573570647768,-1.1712218895953774,0.10703164139065457,-1.0170614114066496,-0.8224146488915677,0.502230331956492
417,1.0364769863166576,0.5612904851907515,-0.20507433332387529,-0.3872625193613838,2.2313056848514887,0.6084837251259511,-0.23591911243627692,0.47582641658019414,0.07413530715510079,-0.7024967868511516
418,0.5924121397484694,0.6317246352097404,-0.1906520515242861,0.17215036901630207,-0.5289075040075962,0.30508555812858157,-0.2103975607073328,0.19603146927883788,0.36611344845251875,1.3720228679355067
419,0.2835987382344662,0.20581392008840085,0.09231202974232168,0.5147525586052383,-0.681822633688294,-0.3344996390692565,0.09236705030514047,1.2857636558710352,0.219931029123637,-0.4989788197475796
420,2.3699028481116957,1.077654340234933,1.0069553451379016,-0.5214732483453672,2.2999096237995205,-0.1649007978199037,0.9288977719304176,0.6973479979237626,-0.8224146488915677,0.0432359204530334
421,-1.1962379633536564,-1.0518530224720197,-1.2485755624209633,-0.8436243393694233,0.21879746271585745,-1.0999369056794215,-1.1765730281928246,-1.02524640145884,-0.14146667030813742,-0.0825167332207391
422,-0.9362192068794098,-1.1673753222368137,-0.08275975699607557,-0.6407212947061367,1.2471257150620731,0.3038296424752316,-0.13371855672089783,-0.23744648934730583,-0.9399103286528101,0.5771751113055091
423,-0.4683776033608555,0.07365365756982258,1.4558155998253213,0.486596701243522,0.5661497996868488,0.013652239877413739,1.3627524694568665,1.8963044264970408,-1.670848672238844,1.753540849969466
424,-0.2761959366182434,0.23367050076762144,-0.06203677416729375,0.42755322179201016,-1.053190011573288,-1.173327369607499,-0.09054440202682731,0.22572386958016752,-0.2964301728728576,1.6531424941528758
425,0.035078117200383736,-0.47515567205737796,0.059239278345709884,0.14466690814255387,-0.0968752903335584,-0.10483693030263605,0.05864802866537732,-0.7218855337861737,-0.2964301728728576,-0.4098889647430774
426,0.4628835136473141,1.725421357092233,1.4506337337146429,0.20580381006784196,1.8979928461613127,0.3664464037251065,1.333061681841489,0.762060640857477,0.9215512270722537,1.2433846896598493
427,-0.01692051146642546,0.4694070165470195,0.5085112657783831,0.17817934236489114,-0.8505982822353627,0.29033171274826425,0.5331540464802801,-0.5330275372474067,-0.6293738338994794,-1.7282155810069975
428,0.8511072821480105,-0.7056160135812712,-1.6978255398014301,0.39986526954468343,-0.3786566166830124,0.46505186297068213,-1.6170130400027445,-0.6596271817098426,2.4878317512517225,-0.03117434112643627
429,0.59565214993439,0.29601675551037826,-2.2083544171410368,-0.9654568490923843,-0.5711676402594388,-0.05575014374482881,-2.0984872681656688,-0.7218855337861737,2.161079157188582,-1.3475362476551291
430,1.0837384099578484,0.942916410185476,1.4506337337146429,1.1688564734529145,0.5661497996868488,0.6563911540384499,1.3651732208348988,1.3838997491138254,1.4209808308767689,2.7087034175098137
431,-1.1434865725973147,-1.0320438403299925,-0.37016235069737796,-0.818913242309872,-0.0882018020999855,-0.23227018612365824,-0.34094766834721013,-1.3575068213935932,-0.8638703725485738,-0.6237849295658633
432,0.01636595736457454,-0.1465801593944045,0.824945528818974,0.1692364472415805,1.4302041988462133,0.6847445938378052,0.7699879396097274,0.04320317481773683,-0.6774815363321774,-0.27755639711630015
433,0.8526647357537286,0.6317246352097404,0.059239278345709884,1.2268935454459886,0.17394379555061965,-0.011800046742459267,0.0661102324698407,0.3134302124795391,0.7363230695303861,0.6627766009127587
434,-0.7897932797586749,-0.5186126757326246,-0.2889528919464752,0.28778046361885473,0.05922956869003327,0.06713953323336898,-0.2516318847714851,-0.3527123988346945,-1.3261269660615378,0.5155440944537197
435,-0.15036936563485556,0.555395056239268,0.9206464729579571,-0.600756034193049,2.5803791432238135,0.893748851518638,0.8290908501404396,0.07989450953445866,-1.8254191203559949,0.31512511789661896
436,1.0498187284563225,1.5907832628894376,0.017703272990027136,0.9244206465023325,0.05922956869003327,0.34008090252075635,-0.058584732784949536,1.0504519491331867,1.579956374870807,-0.9861632211788953
437,-0.9587292130213463,-0.9206748113465832,0.42370585768339253,-0.7821218841714055,0.05922956869003327,0.14404430951427824,0.3662317684970524,0.19603146927883788,-0.3972177408110008,-0.5536262878184263
438,-1.182414142259163,-0.8307879584174126,-1.6939825558534019,-1.7819659056949448,-1.1456258821399308,-0.7825818371234013,-1.611645530748143,-2.5606951020242805,-1.670848672238844,-0.5273271872229753
439,-0.15185014270042763,-0.6660713733745143,-1.0952254894879798,-0.3636849588641978,-0.44445349777342874,-0.10817658993357904,-1.01039352333407,-0.7392049373559683,0.08265129417865283,0.07240668109037343
440,0.009268174409198776,-0.15908766347725514,-0.08275975699607557,-0.11593920779376252,-0.9282258519718537,-0.540055456548341,-0.10649479290073989,-0.6167390882409644,0.36611344845251875,-0.5284230263876163
441,-1.705592687862527,-1.4846126637386226,-2.2083544171410368,-1.4742485135649996,-0.26021152958866817,-1.0993140140264088,-2.0475264296007123,-1.4815277140847978,-0.5933167033986734,-1.8947747832011488
442,1.2211641275786682,2.4824506589517066,1.077617353828213,1.0282979397196883,2.019772273205016,0.5645567663632539,1.0155535002583496,1.4481530585963343,0.324150833069001,1.0568983402402516
443,0.41833965297343856,0.8374223712749864,0.9206464729579571,0.9178461370828697,-0.39486153766561255,0.7727630214231636,0.8896065512491498,1.0602478205366472,0.42569530528960925,1.780390341773831
444,-0.06646577496846955,-0.6401420457340322,-0.1598124654710543,0.06675665841776843,-0.6583742172530708,0.268843359655923,-0.2040851296073494,0.5439980802141255,0.18043502717286589,-0.5185352068257894
445,0.3882233172080117,1.8496858313097349,1.2197373985664821,0.3635920995490119,-0.2170498511737753,-0.6258184077605277,1.1669091001141936,0.2725451986294023,-0.25326093447308445,-2.4019270240171173
446,0.39439353534207683,0.10150787429217577,0.6700056780366246,-0.11593920779376252,0.0926388891837193,-0.8808956427620716,0.6684058952372243,0.5439980802141255,-1.670848672238844,0.7720999303489765
447,0.8517933732094872,-0.27404653052380523,1.635888416240641,-1.6604507862094458,0.43543774308688166,0.7399197893194721,1.7043958331564024,0.6404841265956519,0.36611344845251875,0.054704590003902584
448,1.0971387143840488,0.3086427163512108,0.6034618096279359,1.4131190418211328,1.9190215539632625,-0.41559484104946404,0.5980805622048785,1.4735855417929882,0.07413530715510079,0.9320406007571229
449,0.8064742637446347,0.322654068102995,1.0069553451379016,1.1561608639544294,0.7836286881596619,-1.1335387979785454,0.9843994119855252,1.7418474643387012,-0.6293738338994794,1.0467789259306612
450,0.08747765701281618,1.2454839547100973,0.02634246658910261,0.7894391152981931,-1.0507068141228968,-0.06632410526754656,0.014453810809257575,1.3398052912404,-0.3972177408110008,1.3720228679355067
451,-1.2743632720886215,-1.2943633854189505,-0.2889528919464752,-1.6876556637062,-0.49333603502443985,-0.9254252738207556,-0.2832314631492769,-1.1136068519456435,-1.2108127992670208,-0.8548561874235219
452,0.335235602627697,0.6630610035470427,-2.0102080360141077,-0.312075220489449,-0.782214066757115,0.0801088109041174,-1.9243193218428156,-0.3527123988346945,-0.5144116727262162,-0.6891343173488177
453,1.5133925267972506,1.465494276144748,1.0069553451379016,1.1779247659518326,-1.729999332989345,1.2131222404157247,0.9315114409052802,1.293454307489845,1.0333530634273318,1.0490146636280238
454,1.341833297026943,0.16602631292062672,0.24927097020221273,0.5459655375828035,0.3120101024501212,2.026971892897779,0.2509868665992997,1.5460844261633235,0.21560542919593062,-0.20885452309608654
455,-1.961137335468839,-1.0732847997383081,-1.2485755624209633,-2.048573705163129,-0.17108657107384787,-1.911328340407527,-1.140330365604465,-1.6807355281673069,-1.0371671851756417,-1.6360754754014895
456,1.761679752359164,1.3484697153482308,1.4558155998253213,0.8178489102250243,-0.5924301584201951,0.017368683038212165,1.3758229413326502,0.3134302124795391,0.5820893961081232,1.8714513470250815
457,-0.258901004163051,-0.14228860787190897,0.24927097020221273,-0.018183014655428185,1.2471257150620731,-0.4628167957927235,0.13815805940609152,-0.8147259485072595,-1.11453370004042,0.5636904779103701
458,-0.32722931006176226,0.3784772110226034,0.7075431729744431,-0.09091072049674902,0.418145259982091,0.29033171274826425,0.7163366656535775,0.693152014517697,-0.01145086614291755,0.4890211980562798
459,-0.4792383807918511,0.15142676951352035,-0.08275975699607557,0.37678234318380177,-0.19628159018125474,-0.28087866231070596,-0.05448624295838026,0.22572386958016752,1.1320940578119558,0.035273478808072085
460,-0.20791854211483007,0.4957376421705833,0.824945528818974,0.24106939200807787,1.2308157533424042,0.15102580191088857,0.8441791936098839,0.30663511092918594,-0.01145086614291755,1.513779112221178
461,0.9760947662980277,0.35645506009495226,0.9206464729579571,0.464023438974527,-1.2115007480199886,0.15578885426749361,0.8678823306589775,0.693152014517697,0.42569530528960925,1.43799410634837
462,-1.134805246753083,-0.7340272025072798,-1.6978255398014301,0.10864353329372249,0.3007451360648741,-0.6378306537296337,-1.596435441736693,-0.3527123988346945,0.29511807007018603,-0.7901357096959692
463,-1.2861019563229035,-1.831804639347882,0.004654442893294534,-0.7821218841714055,0.1907054306011333,-1.008840264700032,-0.06992143937812388,-0.09360010080554754,-0.04844676206897313,0.5908545655740738
464,0.7170618356811802,-0.5486539802912148,-1.0003340368657458,-0.8436243393694233,-0.3569913084937296,-0.480890464721756,-0.9226451156837326,-0.8501200197942532,-0.7530222873723632,-2.3068573358442634
465,0.8803549453421465,0.8974020507641846,0.35876276554792214,0.5459655375828035,-0.13958933926306652,-0.2985665325121792,0.32583213356143903,1.3398052912404,0.4308094954465901,1.384614125836608
466,0.6282723950909396,0.5642892813648501,0.5604894120117876,0.5123120965312642,1.5034667825667443,0.0801088109041174,0.4838257231585369,1.2857636558710352,0.15335187742225703,1.3931916531658186
467,0.09263892578748169,-0.5569264496557729,1.0069553451379016,-0.16546578676514345,-0.6807028476554723,0.12887768911550243,0.938503607768836,1.533756416455083,-0.14146667030813742,-0.31908534466945676
468,-1.5835098907029372,-1.5998619896479809,-0.9652292283449139,-0.9825455425125666,-0.6621570155031796,-1.292780778923317,-0.8645306193535429,-0.9816110732152782,-2.4725825536318817,-0.18593095190497333
469,0.2557361376703738,0.22865848471712497,-0.6444417408516693,1.120250425658715,0.16867320211015654,0.28837269972774365,-0.6359842761334815,-0.34193754100509205,0.219931029123637,-0.9390454973303912
470,-0.9579086402590368,-1.0278972083457685,-1.8951139261262648,-0.5546554361223967,-1.2837640005455146,-0.3344996390692565,-1.8680271141942755,-1.0485887804965726,-0.6501255773500939,-2.2225855882684984
471,0.8154202565159647,0.6317246352097404,-0.2889528919464752,0.2874184425581021,-1.0761462091467708,-0.5163897152243849,-0.29044879322756434,-0.07747177805902716,0.21560542919593062,-0.13217785161368395
472,0.9266610017376827,0.687906991387298,0.42370585768339253,0.9209898118158278,-0.7779159394446648,-0.2826690211665436,0.4421309129445633,-0.3527123988346945,-0.01145086614291755,1.6569176532011582
473,0.42072883450308823,0.379343485256884,-1.8389291544995676,0.7097417789362751,-0.19628159018125474,-0.46791979825327074,-1.7015298864607151,-1.0507897066594474,-0.2964301728728576,-0.9390454973303912
474,0.10854336139887015,0.10971750890297609,1.0069553451379016,0.21721128645555215,-0.428990228055599,-1.1004828619093383,1.1145765880466199,0.594020367580772,-0.8293914275265548,-0.7610578824553499
475,-0.6561139837068729,0.34656706374680046,0.1542987588968964,0.21124478556719234,-1.6911639825707618,0.7475826689798499,0.08573155455405077,-0.7392049373559683,-0.752140357960734,-0.9762778613499346
476,-0.9266428593470639,0.061836657009016985,-2.1107460242102216,-1.0402605751853649,-0.39285430467177485,-1.081784818032067,-1.9939603407498505,-1.5888477774568643,1.097705366872029,-1.2224756391514289
477,-1.3071360827990082,-0.9455054337027076,0.42627571853475654,-1.5235195694757868,0.4087669450288975,-0.4194551429499389,0.4706464447361821,-1.5888477774568643,-0.9345576417213866,-0.8408391696442085
478,0.40892743463569625,-0.6968068550017636,0.35979456112154057,0.17215036901630207,-0.651403668783268,-0.8549909990516653,0.34282988167147294,0.031681236217234156,0.5820893961081232,1.543262580013869
479,-1.5106460537042576,-0.012076310080504506,-0.20507433332387529,-0.5332620285939605,-1.492066368044151,0.3234502116405651,-0.10384595323228281,-0.4106203410507843,0.219931029123637,-1.3376166757107568
480,-1.2980210552998528,-1.8743836705391248,-1.481797587881995,-2.048573705163129,-0.8124559381211457,-1.4869800681670011,-1.3632166691077725,-2.3369710256161653,-1.5331152473665948,-0.03117434112643627
481,0.8436860655532051,1.062996897612437,1.250514946278262,0.7894391152981931,1.430882846272556,1.4354992909204198,1.1321770739028174,0.8610255414325233,1.0084319821626326,0.7219526105481164
482,-1.1276994980508657,-1.3773861692770026,0.7075431729744431,-0.2764705135494925,2.2386167449536036,-2.2433236372052345,0.6748995647319993,0.7690408277124146,-1.3042230085822302,0.12914768275486335
483,1.008563059242821,1.062996897612437,0.35942359081001163,0.0008603995922993467,-0.7100704573021354,0.6563911540384499,0.35131168185786693,0.17633731696934976,2.161079157188582,0.07240668109037343
484,0.849154186133604,0.0737547368542843,0.4963173688310552,0.5981585988543529,-1.0761462091467708,0.43402694129487474,0.45891320970028676,1.1022760766667083,-0.17693296985312118,-0.009990822024350459
485,-0.5105369270274572,-0.7604909563196419,-1.2485755624209633,-1.030657872159603,-0.7246082842246098,-0.44600612983002486,-1.2183225799112298,-0.5497256405965576,-1.0371671851756417,-1.599482335803835
486,1.0666244000498895,1.538331799766205,1.3869231100351527,1.5023006545664181,-1.2388292518567017,1.451788321836899,1.3391078648699908,0.5390559351351015,0.9115047553924224,0.8917522522898587
487,0.36784763779062585,0.029200979067267846,0.9206464729579571,-0.15148691438952053,-0.7481039872756896,0.48300767844605386,0.8853491288744665,1.4735855417929882,-0.01145086614291755,-0.1641088135638836
488,-1.0579529384133797,-1.4996892767682197,-1.1251861990373118,-1.2687005502561959,0.174411511466762,-1.1419178591409516,-1.0903339681910367,-1.916974576600488,-1.6150306528175178,-1.2661382730477755
489,-0.9353990710929522,-1.0439428712412446,-0.476906585680308,-0.19743292971737006,-0.783802176732406,0.26825537480523665,-0.4941696215325577,-0.37616519161115747,-1.0799391530352942,-1.4866887280061196
490,0.2597269350935139,-0.3691366762922611,0.09231202974232168,0.8505594067408994,0.10378932089310378,0.46505186297068213,0.049269164104194255,-1.5285941850140734,0.5880697090183892,-0.041290758758418616
491,1.5764522453129022,0.9536069429851345,0.13918621891925995,1.3122275674312467,-1.729999332989345,0.46505186297068213,0.08857971518348765,0.8820668967837585,0.18043502717286589,1.5107450600277872
492,0.08295077507011081,-0.0084026629374942,0.09231202974232168,-0.6096457313904917,1.6998647729999183,0.5289741331319654,0.040252737411263756,-0.5549904713479294,-0.14146667030813742,0.6348430400218859
493,0.1642139965893995,-0.5509443859864296,1.0069553451379016,-0.5549251717858197,-1.2841660239189303,-1.0512169993943814,1.0366562684567757,0.6403555184466838,-0.008103296248391678,-0.3608981494347423
494,0.8302638413464724,0.35645506009495226,-0.46604106552239194,0.5915948823789456,-0.4483081745186521,1.2358807947330854,-0.3746526386963492,0.34566103199540377,0.519211216099702,0.3562592027409515
495,0.1646719614298778,-0.5509443859864296,0.45882797722696894,-1.1979678687646367,1.5499918169512288,0.041147826444743255,0.4018914796047902,0.2725451986294023,-0.8224146488915677,1.3305030062988705
496,0.1663756909239972,-0.8916217539511874,1.151671542466359,-0.2726393021750623,-0.2968060096103279,-0.7373992459525145,1.093407845974145,-0.5097530100951648,-1.4340976855797707,-0.4643380084251112
497,-2.169258085130422,-1.3102287599672857,-1.0952254894879798,-2.396448777853815,-0.6299236089134953,-2.4831263596301243,-1.0215223403962348,-1.916974576600488,-1.3042230085822302,-1.2885684941081497
498,1.976661127953587,2.168753518508821,0.24927097020221273,1.1875650228003642,-0.005096407042361805,0.669384497304387,0.2294296835730725,1.0006693036050198,0.219931029123637,0.4929882453746292
499,-0.13737551572460543,0.7779194157806306,1.638646401455354,-1.3956566452410453,-0.913810524583316,0.18783958271144302,1.981564117314222,0.594020367580772,0.2924354247397796,1.2968730224391136
500,-1.017743159339603,-1.9189272919993092,-2.00303689351867,-1.6645239722113316,-0.041422963042961995,-1.8306214016023936,-1.883600915892938,-1.916974576600488,-2.4725825536318817,-0.20537345751984126
